INCIDENT_KEY,OCCUR_DATE,OCCUR_TIME,BORO,PRECINCT,JURISDICTION_CODE,LOCATION_DESC,STATISTICAL_MURDER_FLAG,PERP_AGE_GROUP,PERP_SEX,PERP_RACE,VIC_AGE_GROUP,VIC_SEX,VIC_RACE,X_COORD_CD,Y_COORD_CD,Latitude,Longitude
206931578,01/05/2020,02:20:00,MANHATTAN,34,0,,false,,,,18-24,M,BLACK,1006165,253314,40.861944175000076,-73.920773575999988
214729491,06/29/2020,23:38:00,QUEENS,103,0,PVT HOUSE,false,,,,25-44,M,BLACK,1038779,192216,40.69410552100004,-73.803362405999962
211855627,04/08/2020,07:50:00,QUEENS,103,0,PVT HOUSE,false,25-44,M,BLACK,25-44,M,BLACK,1039749,190809,40.690237610000054,-73.799876056999949
211855627,04/08/2020,07:50:00,QUEENS,103,0,PVT HOUSE,false,25-44,M,BLACK HISPANIC,25-44,M,BLACK,1039749,190809,40.690237610000054,-73.799876056999949
214104573,06/12/2020,00:44:00,BRONX,42,0,,false,,,,25-44,M,BLACK,1011256,241481,40.82945197600003,-73.902416082999935
214104573,06/12/2020,00:44:00,BRONX,42,0,,false,,,,<18,F,WHITE HISPANIC,1011256,241481,40.82945197600003,-73.902416082999935
211578688,03/28/2020,21:43:00,BROOKLYN,79,0,,false,18-24,M,BLACK,45-64,M,BLACK,995841,189513,40.686846802000048,-73.958207294999966
206931575,01/04/2020,03:46:00,QUEENS,103,0,,false,,,,25-44,M,BLACK,1038501,193009,40.69628382500008,-73.804358520999983
208309290,01/21/2020,11:38:00,QUEENS,113,0,,true,,,,25-44,M,BLACK,1050316,190878,40.690354429000081,-73.761771712999973
214729488,06/29/2020,20:56:00,BROOKLYN,83,0,PVT HOUSE,false,,,,45-64,M,BLACK,1009326,191647,40.69267620800008,-73.909575953999934
213283576,05/19/2020,14:40:00,BROOKLYN,73,2,MULTI DWELL - PUBLIC HOUS,true,25-44,M,BLACK,45-64,M,WHITE HISPANIC,1009450,182401,40.667297692000034,-73.90916337699997
211772774,04/06/2020,02:00:00,BROOKLYN,79,0,PVT HOUSE,true,<18,M,BLACK,45-64,M,BLACK,998043,191486,40.692259076000028,-73.950263415999984
214513027,06/23/2020,07:37:00,QUEENS,114,2,MULTI DWELL - PUBLIC HOUS,false,,,,18-24,M,BLACK,999925,214507,40.755443005000075,-73.943423245999952
207815717,01/11/2020,03:02:00,BRONX,40,0,,false,,,,18-24,M,BLACK,1005728,233375,40.807218462000037,-73.922417274999987
209974086,02/22/2020,06:05:00,QUEENS,108,0,BAR/NIGHT CLUB,false,,,,25-44,M,WHITE HISPANIC,999366,212838,40.75086299700007,-73.945444682999948
214693790,06/27/2020,04:13:00,BROOKLYN,67,0,,false,,,,25-44,F,BLACK,1008805,177368,40.653485033000038,-73.911506724999981
214693790,06/27/2020,04:13:00,BROOKLYN,67,0,,false,,,,25-44,M,BLACK,1008805,177368,40.653485033000038,-73.911506724999981
211578477,03/27/2020,19:35:00,QUEENS,104,0,,false,,,,18-24,M,WHITE HISPANIC,1015154,203604,40.725476889000049,-73.888504994999948
211578477,03/27/2020,19:35:00,QUEENS,104,0,,false,,,,<18,M,BLACK HISPANIC,1015154,203604,40.725476889000049,-73.888504994999948
213748379,06/01/2020,19:14:00,BROOKLYN,83,0,,false,18-24,M,BLACK,18-24,M,BLACK,1006880,190544,40.689655320000043,-73.918400069999961
214431179,06/20/2020,01:59:00,BRONX,44,0,,false,25-44,M,BLACK,18-24,F,WHITE HISPANIC,1010025,246298,40.842676920000031,-73.906845751999981
214431179,06/20/2020,01:59:00,BRONX,44,0,,false,25-44,M,BLACK,25-44,F,WHITE HISPANIC,1010025,246298,40.842676920000031,-73.906845751999981
214431179,06/20/2020,01:59:00,BRONX,44,0,,false,25-44,M,BLACK,25-44,M,BLACK HISPANIC,1010025,246298,40.842676920000031,-73.906845751999981
210161995,02/27/2020,02:17:00,BROOKLYN,79,0,,false,,,,25-44,M,BLACK,996546,187436,40.681144959000051,-73.95566903799994
212473915,04/27/2020,02:00:00,BROOKLYN,81,0,GROCERY/BODEGA,false,,,,18-24,M,ASIAN / PACIFIC ISLANDER,1005577,188806,40.684888145000059,-73.92310404899996
214431170,06/19/2020,21:45:00,BRONX,43,0,,false,,,,25-44,M,BLACK,1019548,238106,40.820159322000052,-73.872470981999982
211272847,03/19/2020,20:08:00,BROOKLYN,81,0,,false,,,,18-24,M,BLACK,1003577,186109,40.677490086000034,-73.930323051999949
214430792,06/19/2020,19:02:00,QUEENS,106,0,PVT HOUSE,false,,,,25-44,M,BLACK,1035610,190094,40.688300090000041,-73.814806395999938
207815718,01/11/2020,22:37:00,BRONX,44,0,,true,18-24,M,BLACK,25-44,M,BLACK,1010044,244313,40.83722861900003,-73.906784716999937
207815718,01/11/2020,22:37:00,BRONX,44,0,,true,25-44,M,BLACK,25-44,M,BLACK,1010044,244313,40.83722861900003,-73.906784716999937
214693510,06/28/2020,23:58:00,BRONX,46,0,,true,18-24,M,BLACK,<18,M,BLACK,1007997,247789,40.84677496300003,-73.914170039999988
213724266,05/31/2020,05:06:00,BRONX,46,0,,false,,,,18-24,M,BLACK HISPANIC,1007018,250368,40.853856131000043,-73.917699788999983
210953391,03/12/2020,20:46:00,STATEN ISLAND,120,0,,true,,,,18-24,M,BLACK,961833,166710,40.624236772000074,-74.080755532999945
211963623,04/10/2020,19:44:00,MANHATTAN,23,0,,true,25-44,M,BLACK,18-24,M,BLACK,1000267,225915,40.786754376000033,-73.942161625999972
207817513,01/11/2020,21:30:00,QUEENS,103,0,COMMERCIAL BLDG,false,,,,25-44,M,BLACK,1050213,199294,40.713455065000062,-73.762060690999988
214693796,06/28/2020,03:10:00,BROOKLYN,73,0,PVT HOUSE,false,,,,18-24,M,BLACK,1007783,185486,40.675769912000078,-73.915161613999942
214693796,06/28/2020,03:10:00,BROOKLYN,73,0,PVT HOUSE,false,,,,25-44,M,BLACK,1007783,185486,40.675769912000078,-73.915161613999942
213188086,05/17/2020,23:42:00,QUEENS,101,0,,false,25-44,M,BLACK,18-24,M,BLACK,1051960,160392,40.606664855000076,-73.756149602999983
214116581,06/11/2020,22:30:00,BROOKLYN,67,0,,false,,,,18-24,M,BLACK,997786,177027,40.652572760000055,-73.951219198999979
210338029,02/29/2020,02:13:00,QUEENS,111,0,,false,25-44,M,BLACK HISPANIC,25-44,M,BLACK,1054696,207518,40.735993300000075,-73.745803683999952
211066103,03/15/2020,20:39:00,BRONX,46,0,,false,18-24,M,BLACK,18-24,F,BLACK HISPANIC,1011816,251433,40.856765561000032,-73.900351633999946
213723895,05/30/2020,02:30:00,BROOKLYN,88,2,MULTI DWELL - PUBLIC HOUS,false,45-64,M,BLACK,25-44,M,BLACK,989961,192624,40.695391527000027,-73.97940641699995
213723895,05/30/2020,02:30:00,BROOKLYN,88,2,MULTI DWELL - PUBLIC HOUS,true,45-64,M,BLACK,25-44,M,BLACK,989961,192624,40.695391527000027,-73.97940641699995
208187329,01/18/2020,01:06:00,BRONX,49,0,,false,,,,25-44,M,BLACK HISPANIC,1023622,253318,40.861894559000064,-73.857662479999988
214608095,06/25/2020,23:20:00,BRONX,46,0,,false,,,,18-24,M,BLACK HISPANIC,1013724,253001,40.861063085000069,-73.893447413999979
214608095,06/25/2020,23:20:00,BRONX,46,0,,false,,,,25-44,M,BLACK HISPANIC,1013724,253001,40.861063085000069,-73.893447413999979
214438143,06/22/2020,03:02:00,MANHATTAN,32,0,COMMERCIAL BLDG,false,,,,25-44,U,BLACK,1000393,239187,40.823182133000046,-73.941674711999951
214430790,06/20/2020,11:05:00,BROOKLYN,75,0,,true,,,,25-44,M,BLACK,1018565,183895,40.671367750000059,-73.876299104999987
214513454,06/23/2020,23:38:00,BROOKLYN,73,0,MULTI DWELL - APT BUILD,false,,,,18-24,M,BLACK,1008676,178766,40.65732259300006,-73.911966569999947
209975795,02/23/2020,22:30:00,QUEENS,101,0,,false,<18,M,BLACK,18-24,M,WHITE HISPANIC,1044074,156299,40.595487179000031,-73.78458649099997
211866484,04/08/2020,22:26:00,STATEN ISLAND,121,0,,true,25-44,M,WHITE,45-64,M,BLACK HISPANIC,947816,158293,40.601087304000032,-74.131204326999978
213472074,05/24/2020,08:42:00,BRONX,47,0,,false,,,,25-44,M,BLACK,1024708,266922,40.899228355000048,-73.853654177999942
213885924,06/05/2020,20:20:00,BROOKLYN,75,0,GROCERY/BODEGA,false,18-24,M,BLACK,25-44,M,BLACK,1013511,181454,40.664685899000062,-73.894528874999935
213885924,06/05/2020,20:20:00,BROOKLYN,75,0,GROCERY/BODEGA,true,18-24,M,BLACK,25-44,M,BLACK,1013511,181454,40.664685899000062,-73.894528874999935
207572468,01/07/2020,17:10:00,BROOKLYN,75,0,,false,,,,18-24,M,BLACK,1016302,185652,40.676198799000076,-73.884448641999938
213649349,05/28/2020,22:11:00,MANHATTAN,9,2,MULTI DWELL - PUBLIC HOUS,false,,,,25-44,M,BLACK,990324,202686,40.723009095000066,-73.97808828999996
210337523,02/28/2020,19:00:00,QUEENS,103,0,,false,,,,25-44,M,BLACK,1038832,195935,40.70431295700007,-73.803141141999959
210706803,03/07/2020,03:00:00,QUEENS,100,0,,false,25-44,M,BLACK,45-64,F,BLACK,1040584,155310,40.59279544900005,-73.797161523999989
213472073,05/24/2020,23:14:00,BRONX,52,0,,false,,,,18-24,M,BLACK HISPANIC,1010695,254764,40.865911578000066,-73.904390851999949
214693795,06/27/2020,00:45:00,MANHATTAN,22,0,,false,25-44,M,WHITE,18-24,M,WHITE,991262,221525,40.774716718000036,-73.974684629999956
212400498,04/26/2020,02:25:00,BRONX,41,1,,false,,,,25-44,M,BLACK,1013879,239551,40.824146269000039,-73.892946482999946
211578690,03/29/2020,06:17:00,BROOKLYN,67,0,,false,,,,25-44,M,BLACK,1005192,180644,40.662486213000079,-73.924517574999982
211794117,04/06/2020,23:10:00,QUEENS,113,0,,false,25-44,M,BLACK,18-24,M,BLACK,1053390,194376,40.699932111000066,-73.750651220999941
212726820,05/05/2020,22:31:00,BROOKLYN,77,0,,true,18-24,M,BLACK,25-44,M,BLACK,998527,185573,40.676028472000041,-73.948530622999954
212640533,05/03/2020,04:41:00,QUEENS,113,0,,false,18-24,M,BLACK,25-44,M,BLACK,1041333,188264,40.683242112000073,-73.794185848999973
213724260,05/30/2020,20:49:00,QUEENS,113,0,,false,,,,18-24,F,BLACK,1042218,185110,40.674579367000035,-73.791022078999958
213920341,06/07/2020,01:25:00,BROOKLYN,77,2,MULTI DWELL - PUBLIC HOUS,true,,,,18-24,M,BLACK,1001311,185373,40.675474590000078,-73.938494375999937
213188079,05/15/2020,13:37:00,BROOKLYN,90,2,MULTI DWELL - PUBLIC HOUS,false,,,,65+,M,WHITE HISPANIC,998016,196598,40.706290365000029,-73.950350330999981
213885925,06/05/2020,19:20:00,QUEENS,101,2,MULTI DWELL - PUBLIC HOUS,true,,,,25-44,M,BLACK,1053494,161530,40.60977656700004,-73.750613392999981
211671833,04/01/2020,21:40:00,BRONX,44,0,,true,45-64,M,WHITE HISPANIC,45-64,M,BLACK,1008846,245939,40.841694933000042,-73.911108192999961
214729489,06/29/2020,18:10:00,BROOKLYN,77,2,MULTI DWELL - PUBLIC HOUS,true,,,,18-24,M,BLACK,1002388,185584,40.676051596000036,-73.93461108799994
214778543,06/30/2020,23:20:00,MANHATTAN,19,2,MULTI DWELL - PUBLIC HOUS,false,,,,18-24,M,BLACK HISPANIC,999359,224280,40.782268336000072,-73.945444228999975
214778543,06/30/2020,23:20:00,MANHATTAN,19,2,MULTI DWELL - PUBLIC HOUS,false,,,,25-44,M,BLACK,999359,224280,40.782268336000072,-73.945444228999975
214359652,06/18/2020,21:24:00,BROOKLYN,67,0,PVT HOUSE,false,,,,25-44,F,BLACK,1005301,179713,40.659930565000025,-73.924127600999952
213772738,06/02/2020,01:50:00,BRONX,46,0,,false,,,,18-24,M,BLACK,1010585,248617,40.849040238000043,-73.904812699999979
212640531,05/03/2020,00:36:00,MANHATTAN,23,2,MULTI DWELL - PUBLIC HOUS,false,,,,25-44,M,BLACK,1000552,225907,40.786731898000028,-73.941132467999978
208899076,02/01/2020,05:09:00,BRONX,50,0,,false,18-24,F,BLACK HISPANIC,18-24,M,WHITE HISPANIC,1010591,262530,40.887227151000047,-73.904736323999941
208899076,02/01/2020,05:09:00,BRONX,50,0,,false,25-44,M,WHITE HISPANIC,18-24,M,WHITE HISPANIC,1010591,262530,40.887227151000047,-73.904736323999941
210156782,02/27/2020,00:38:00,QUEENS,101,2,MULTI DWELL - PUBLIC HOUS,false,,,,25-44,M,UNKNOWN,1047439,156663,40.596462931000076,-73.772466408999946
214270194,06/17/2020,01:51:00,BROOKLYN,67,0,,false,,,,25-44,M,BLACK,1003313,176413,40.650877291000029,-73.931302246999962
214270194,06/17/2020,01:51:00,BROOKLYN,67,0,,true,,,,25-44,M,BLACK,1003313,176413,40.650877291000029,-73.931302246999962
214184459,06/13/2020,13:58:00,BROOKLYN,73,0,COMMERCIAL BLDG,false,,,,25-44,M,BLACK,1010184,182785,40.668349566000074,-73.90651606299997
213923357,06/06/2020,20:20:00,BROOKLYN,72,0,,false,,,,25-44,M,WHITE HISPANIC,981369,173656,40.643329967000057,-74.010382808999964
214574797,06/25/2020,00:49:00,BRONX,48,0,MULTI DWELL - APT BUILD,false,18-24,F,WHITE HISPANIC,18-24,U,WHITE HISPANIC,1016328,250445,40.85403855800007,-73.884045706999984
207572467,01/07/2020,23:00:00,BROOKLYN,81,2,MULTI DWELL - PUBLIC HOUS,false,,,,18-24,M,BLACK,1002397,189963,40.688070936000031,-73.934566848999964
206931574,01/04/2020,05:19:00,BROOKLYN,88,2,MULTI DWELL - PUBLIC HOUS,false,,,,18-24,M,BLACK,990351,192282,40.694452556000044,-73.978000307999935
208309289,01/21/2020,12:10:00,QUEENS,100,0,,false,<18,M,BLACK,<18,M,BLACK,1042852,155178,40.592418432000045,-73.788996388999976
210792605,03/10/2020,01:37:00,BRONX,43,0,,false,,,,18-24,M,BLACK,1020734,243826,40.835854255000072,-73.868154906999962
214312113,06/17/2020,19:35:00,BROOKLYN,75,0,,false,,,,25-44,M,BLACK,1012586,185459,40.675681731000054,-73.897846239999978
206898906,01/01/2020,21:47:00,MANHATTAN,24,0,,true,25-44,M,BLACK,25-44,M,BLACK,995052,230496,40.799335898000038,-73.960986414999979
213942730,06/06/2020,14:20:00,QUEENS,109,0,,false,18-24,M,BLACK,18-24,M,WHITE,1025447,226867,40.789285857000039,-73.851227096999935
214184467,06/14/2020,23:05:00,BRONX,43,0,,false,25-44,M,WHITE HISPANIC,25-44,M,WHITE HISPANIC,1020576,243060,40.833752460000028,-73.868730036999978
213471605,05/23/2020,03:51:00,QUEENS,103,0,,false,,,,25-44,M,BLACK,1038389,189258,40.685988905000045,-73.804792564999957
213471605,05/23/2020,03:51:00,QUEENS,103,0,,false,,,,25-44,M,WHITE HISPANIC,1038389,189258,40.685988905000045,-73.804792564999957
214693786,06/28/2020,17:17:00,QUEENS,103,0,PVT HOUSE,false,,,,25-44,M,BLACK,1039595,192439,40.694712537000044,-73.800417976999938
213188082,05/17/2020,23:52:00,BRONX,46,0,MULTI DWELL - APT BUILD,false,18-24,M,BLACK,25-44,M,WHITE HISPANIC,1005638,248319,40.848235686000066,-73.922694740999987
206898907,01/01/2020,10:29:00,BRONX,43,0,MULTI DWELL - PUBLIC HOUS,true,25-44,F,BLACK,25-44,M,BLACK,1018527,243130,40.833952779000072,-73.876134148999938
206898907,01/01/2020,10:29:00,BRONX,43,0,MULTI DWELL - PUBLIC HOUS,true,25-44,M,BLACK,25-44,M,BLACK,1018527,243130,40.833952779000072,-73.876134148999938
211964521,04/11/2020,19:58:00,BROOKLYN,77,0,,true,,,,25-44,M,BLACK,1004952,183648,40.670732087000033,-73.925373413999978
213723897,05/29/2020,20:55:00,BROOKLYN,70,0,,false,,,,25-44,M,BLACK,994979,175573,40.648585690000061,-73.961337627999967
214729182,06/29/2020,01:02:00,BROOKLYN,67,0,PVT HOUSE,false,,,,25-44,M,BLACK,997366,172348,40.639730546000067,-73.952741929999945
213187661,05/17/2020,03:09:00,BROOKLYN,67,0,,false,,,,25-44,M,BLACK,997741,177573,40.654071479000038,-73.951380282999935
214430795,06/19/2020,23:00:00,BROOKLYN,75,2,MULTI DWELL - PUBLIC HOUS,false,,,,25-44,M,BLACK,1016807,179007,40.657957922000037,-73.882660123999983
214215424,06/15/2020,19:15:00,QUEENS,114,2,MULTI DWELL - PUBLIC HOUS,false,,,,25-44,F,BLACK,1009583,214399,40.755124178000074,-73.908563560999937
214215424,06/15/2020,19:15:00,QUEENS,114,2,MULTI DWELL - PUBLIC HOUS,false,,,,25-44,M,BLACK,1009583,214399,40.755124178000074,-73.908563560999937
214430794,06/20/2020,00:58:00,BROOKLYN,79,0,,false,,,,45-64,M,BLACK,998205,190419,40.689330153000071,-73.949681447999978
214729855,06/29/2020,23:38:00,BROOKLYN,73,0,,false,,,,18-24,M,BLACK,1010707,182888,40.668630731000064,-73.904630380999947
213228264,05/18/2020,00:29:00,QUEENS,101,2,MULTI DWELL - PUBLIC HOUS,true,,,,18-24,M,BLACK,1043031,156898,40.597138287000064,-73.788336911999977
209281497,02/08/2020,02:20:00,BROOKLYN,76,0,,true,,,,25-44,M,BLACK,983870,183741,40.671011546000045,-74.00137129999996
214430793,06/19/2020,22:04:00,BROOKLYN,75,0,PVT HOUSE,false,,,,25-44,U,BLACK,1012487,179224,40.658568369000079,-73.898229262999962
211219385,03/18/2020,22:17:00,BROOKLYN,73,0,,false,,,,18-24,M,BLACK,1008575,181362,40.664448315000072,-73.912321223999982
214513026,06/23/2020,18:07:00,BROOKLYN,75,0,PVT HOUSE,false,,,,45-64,F,BLACK HISPANIC,1017728,182135,40.666540151000049,-73.879325147999964
214513025,06/23/2020,01:42:00,BRONX,44,0,MULTI DWELL - APT BUILD,false,,,,25-44,M,BLACK,1004568,243052,40.833781835000025,-73.926578198999948
213747896,06/01/2020,00:30:00,MANHATTAN,5,0,,false,,,,18-24,M,WHITE,984952,202784,40.723280139000053,-73.997468832999971
207815722,01/12/2020,12:05:00,BRONX,41,2,MULTI DWELL - PUBLIC HOUS,false,,,,18-24,M,BLACK,1014985,237377,40.818175478000057,-73.88896026599997
213283006,05/19/2020,03:15:00,QUEENS,114,0,,false,,,,18-24,F,BLACK,999568,215114,40.757109692000029,-73.944710438999948
214694694,06/27/2020,23:47:00,QUEENS,101,0,,false,,,,25-44,M,BLACK,1053356,155686,40.593737112000042,-73.751170196999965
214693512,06/26/2020,22:43:00,BRONX,42,0,COMMERCIAL BLDG,true,,,,18-24,M,BLACK,1010967,241149,40.828541610000059,-73.903461696999955
211066105,03/14/2020,20:18:00,BROOKLYN,83,0,,true,,,,45-64,M,BLACK,1006074,190334,40.689080943000079,-73.921307098999989
214778105,06/30/2020,20:00:00,BROOKLYN,71,0,,false,,,,18-24,M,BLACK,996658,183424,40.670132766000052,-73.955272614999956
213819783,06/03/2020,23:47:00,BROOKLYN,70,0,,false,18-24,M,WHITE,UNKNOWN,M,ASIAN / PACIFIC ISLANDER,995708,176233,40.65039633400005,-73.958709428999953
213972320,06/08/2020,15:00:00,QUEENS,110,0,,false,25-44,M,BLACK HISPANIC,18-24,M,WHITE HISPANIC,1019102,210344,40.743961839000065,-73.874226376999957
213972320,06/08/2020,15:00:00,QUEENS,110,0,,false,25-44,M,BLACK HISPANIC,45-64,M,BLACK HISPANIC,1019102,210344,40.743961839000065,-73.874226376999957
212557700,04/30/2020,14:25:00,BROOKLYN,77,0,,false,,,,25-44,M,BLACK,1004196,183865,40.671329440000079,-73.928098051999939
212903586,05/10/2020,22:03:00,MANHATTAN,25,0,,true,,,,18-24,M,BLACK,1001508,232696,40.805364044000044,-73.937662762999935
213187656,05/16/2020,00:50:00,QUEENS,103,0,,false,,,,18-24,M,WHITE HISPANIC,1042298,192835,40.695782146000056,-73.790667121999945
213187656,05/16/2020,00:50:00,QUEENS,103,0,,true,,,,18-24,M,WHITE HISPANIC,1042298,192835,40.695782146000056,-73.790667121999945
213187656,05/16/2020,00:50:00,QUEENS,103,0,,false,,,,25-44,M,BLACK,1042298,192835,40.695782146000056,-73.790667121999945
213187656,05/16/2020,00:50:00,QUEENS,103,0,,true,,,,25-44,M,BLACK,1042298,192835,40.695782146000056,-73.790667121999945
211362506,03/21/2020,16:05:00,QUEENS,113,0,,false,,,,18-24,M,BLACK,1040264,190275,40.688768663000076,-73.798023450999949
211362214,03/20/2020,19:04:00,QUEENS,113,0,,false,25-44,M,BLACK,25-44,M,ASIAN / PACIFIC ISLANDER,1041589,187579,40.681360293000068,-73.793268659999967
211362214,03/20/2020,19:04:00,QUEENS,113,0,,false,45-64,M,BLACK,25-44,M,ASIAN / PACIFIC ISLANDER,1041589,187579,40.681360293000068,-73.793268659999967
214184457,06/14/2020,18:30:00,BRONX,42,0,,false,,,,25-44,M,BLACK,1010158,242491,40.832227424000052,-73.906379769999944
207700495,01/09/2020,11:30:00,BROOKLYN,77,0,,false,,,,18-24,M,WHITE HISPANIC,1002295,184332,40.672615329000052,-73.934949719999963
208009526,01/15/2020,05:31:00,BROOKLYN,83,0,,false,18-24,M,BLACK HISPANIC,18-24,M,WHITE HISPANIC,1008941,190260,40.688870297000051,-73.91096936799994
208009526,01/15/2020,05:31:00,BROOKLYN,83,0,,false,25-44,M,WHITE HISPANIC,18-24,M,WHITE HISPANIC,1008941,190260,40.688870297000051,-73.91096936799994
214729181,06/29/2020,00:03:00,BROOKLYN,90,0,,false,,,,25-44,M,BLACK HISPANIC,995958,198402,40.711244880000038,-73.957769973999973
213922507,06/06/2020,11:50:00,BROOKLYN,71,0,,false,,,,18-24,M,BLACK HISPANIC,1002948,182618,40.667909427000041,-73.932600427999944
213724267,05/31/2020,18:49:00,QUEENS,105,0,,false,,,,18-24,M,BLACK,1050349,182034,40.666079489000026,-73.761739458999955
209468786,02/12/2020,02:30:00,MANHATTAN,25,0,,true,,,,25-44,M,BLACK,1001168,229824,40.797481848000075,-73.938898133999942
213550053,05/26/2020,15:51:00,BROOKLYN,76,2,MULTI DWELL - PUBLIC HOUS,true,25-44,M,BLACK,25-44,M,BLACK,986966,188114,40.683014038000067,-73.990208813999971
214693787,06/27/2020,02:03:00,QUEENS,114,0,,false,25-44,M,WHITE HISPANIC,25-44,M,WHITE HISPANIC,1004577,220322,40.771394210000039,-73.926614486999938
213472077,05/22/2020,23:53:00,BRONX,44,0,,false,,,,<18,M,BLACK,1007500,241369,40.829155253000067,-73.915988654999978
209281500,02/08/2020,12:13:00,QUEENS,115,0,,true,,,,25-44,M,BLACK,1021014,214935,40.756555222000031,-73.86730119899994
208672085,01/28/2020,20:16:00,QUEENS,100,0,,false,,,,25-44,M,BLACK,1040889,155021,40.592000260000077,-73.796065746999943
209333851,02/10/2020,00:16:00,BRONX,52,0,BAR/NIGHT CLUB,false,,,,18-24,M,BLACK,1017775,262112,40.886055507000037,-73.878756718999966
212400208,04/25/2020,20:45:00,BRONX,47,0,,false,25-44,M,BLACK,25-44,M,BLACK,1025627,266936,40.899262519000047,-73.850329832999989
211293040,03/16/2020,14:00:00,BROOKLYN,81,0,,true,45-64,M,BLACK,45-64,M,BLACK,1001749,188772,40.684803219000059,-73.936906504999968
213471601,05/22/2020,21:45:00,BROOKLYN,75,0,,false,,,,18-24,M,BLACK,1014810,181040,40.663545173000045,-73.889848452999956
213471601,05/22/2020,21:45:00,BROOKLYN,75,0,,true,,,,18-24,M,BLACK,1014810,181040,40.663545173000045,-73.889848452999956
213471601,05/22/2020,21:45:00,BROOKLYN,75,0,,false,,,,25-44,M,BLACK,1014810,181040,40.663545173000045,-73.889848452999956
213471601,05/22/2020,21:45:00,BROOKLYN,75,0,,true,,,,25-44,M,BLACK,1014810,181040,40.663545173000045,-73.889848452999956
212904807,05/10/2020,19:27:00,BROOKLYN,90,2,MULTI DWELL - PUBLIC HOUS,false,25-44,M,WHITE HISPANIC,45-64,F,WHITE HISPANIC,993514,197321,40.708280688000059,-73.96658711699996
209283225,02/09/2020,19:40:00,BROOKLYN,77,0,BAR/NIGHT CLUB,false,,,,18-24,M,BLACK,998108,185113,40.674766541000054,-73.950042128999939
214016089,06/09/2020,19:45:00,BROOKLYN,76,2,MULTI DWELL - PUBLIC HOUS,false,,,,25-44,M,BLACK,983234,185295,40.675276877000044,-74.003664241999957
214312558,06/17/2020,21:02:00,BROOKLYN,73,2,MULTI DWELL - PUBLIC HOUS,true,,,,45-64,M,BLACK,1009515,183436,40.670138350000059,-73.908925193999949
213549525,05/26/2020,02:13:00,BROOKLYN,81,2,MULTI DWELL - PUBLIC HOUS,false,,,,25-44,M,BLACK,1001469,191733,40.692931032000047,-73.937908514999947
213748382,06/01/2020,23:38:00,MANHATTAN,18,0,,false,,,,25-44,M,BLACK,991012,215386,40.757866945000046,-73.975593429999947
212515896,04/29/2020,19:00:00,BROOKLYN,67,0,,false,,,,18-24,M,BLACK,1006663,178312,40.656081786000072,-73.919223219999935
213724265,05/31/2020,04:09:00,QUEENS,113,0,PVT HOUSE,false,,,,25-44,M,BLACK,1051376,191988,40.693393136000054,-73.757938380999974
210707457,03/08/2020,04:51:00,BROOKLYN,90,2,MULTI DWELL - PUBLIC HOUS,false,25-44,M,BLACK HISPANIC,25-44,M,BLACK,1000829,195754,40.703968961000044,-73.940206501999967
210707457,03/08/2020,04:51:00,BROOKLYN,90,2,MULTI DWELL - PUBLIC HOUS,false,25-44,M,WHITE HISPANIC,25-44,M,BLACK,1000829,195754,40.703968961000044,-73.940206501999967
212640535,05/03/2020,16:13:00,QUEENS,109,2,MULTI DWELL - PUBLIC HOUS,false,,,,45-64,M,BLACK,1030347,215618,40.758386148000056,-73.833608974999947
214058821,06/10/2020,17:10:00,BROOKLYN,81,2,MULTI DWELL - PUBLIC HOUS,false,,,,25-44,M,BLACK,1000876,191779,40.693058425000061,-73.940046800999937
214264816,06/16/2020,00:30:00,MANHATTAN,23,2,MULTI DWELL - PUBLIC HOUS,false,18-24,M,WHITE HISPANIC,25-44,M,BLACK,998684,229230,40.795855886000027,-73.947870954999985
213471603,05/23/2020,18:52:00,BROOKLYN,63,0,,false,25-44,M,BLACK,18-24,M,BLACK,1003431,168503,40.62916578200003,-73.930899484999941
214431171,06/21/2020,22:53:00,BROOKLYN,81,0,,false,,,,18-24,M,BLACK,1006496,187716,40.681894082000042,-73.919794068999977
206909437,01/02/2020,21:37:00,BROOKLYN,63,0,,false,18-24,F,BLACK,25-44,M,WHITE,1001836,168373,40.628812269000036,-73.936646008999958
210025100,02/24/2020,15:30:00,BROOKLYN,84,2,MULTI DWELL - PUBLIC HOUS,true,,,,25-44,M,BLACK,989333,194229,40.699797262000061,-73.981669901999965
214432035,06/20/2020,20:41:00,MANHATTAN,23,2,MULTI DWELL - PUBLIC HOUS,false,,,,18-24,M,BLACK HISPANIC,999481,226053,40.787134539000078,-73.944999677999988
213291457,05/20/2020,02:25:00,MANHATTAN,25,0,,true,25-44,M,BLACK,25-44,M,BLACK,1002329,231921,40.803235241000039,-73.934699265999939
212082674,04/16/2020,02:48:00,MANHATTAN,23,2,MULTI DWELL - PUBLIC HOUS,false,,,,18-24,M,BLACK,1000531,229408,40.796341237000036,-73.941199815999937
208671535,01/28/2020,14:30:00,QUEENS,105,0,,false,,,,<18,M,BLACK HISPANIC,1055989,206108,40.732112820000054,-73.741153075999989
212170021,04/19/2020,17:35:00,BRONX,49,0,,false,45-64,M,BLACK,25-44,M,BLACK,1021210,254202,40.864331297000035,-73.86637753399998
213050797,05/13/2020,20:24:00,BROOKLYN,67,0,,true,,,,25-44,M,BLACK,1005301,179713,40.659930565000025,-73.924127600999952
209640803,02/16/2020,15:30:00,BROOKLYN,67,0,,false,,,,25-44,M,BLACK,1004905,179376,40.659006507000072,-73.925555928999984
212026971,04/14/2020,23:59:00,BROOKLYN,60,2,MULTI DWELL - PUBLIC HOUS,false,,,,18-24,M,BLACK,984688,150503,40.579780195000069,-73.998424654999951
207868258,01/13/2020,16:36:00,BROOKLYN,72,0,,false,65+,M,WHITE HISPANIC,45-64,F,WHITE,980758,174140,40.644658223000079,-74.012584729999958
213050795,05/13/2020,19:05:00,MANHATTAN,32,0,,false,,,,45-64,M,BLACK,1000153,235084,40.811920986000075,-73.942551583999943
210591724,03/05/2020,10:48:00,MANHATTAN,33,0,,false,18-24,F,BLACK,25-44,M,BLACK,1001301,243896,40.836105283000052,-73.938382022999974
210591724,03/05/2020,10:48:00,MANHATTAN,33,0,,false,18-24,M,BLACK,25-44,M,BLACK,1001301,243896,40.836105283000052,-73.938382022999974
210591724,03/05/2020,10:48:00,MANHATTAN,33,0,,false,18-24,M,WHITE HISPANIC,25-44,M,BLACK,1001301,243896,40.836105283000052,-73.938382022999974
210591724,03/05/2020,10:48:00,MANHATTAN,33,0,,false,25-44,M,WHITE HISPANIC,25-44,M,BLACK,1001301,243896,40.836105283000052,-73.938382022999974
213748378,06/01/2020,17:50:00,BROOKLYN,76,2,MULTI DWELL - PUBLIC HOUS,true,25-44,M,BLACK,25-44,M,WHITE HISPANIC,982151,185171,40.674936335000041,-74.00756854399998
212640530,05/02/2020,19:50:00,QUEENS,114,0,,false,,,,18-24,M,WHITE HISPANIC,1009645,213978,40.753968462000046,-73.908341364999956
212640530,05/02/2020,19:50:00,QUEENS,114,0,,false,,,,25-44,M,WHITE HISPANIC,1009645,213978,40.753968462000046,-73.908341364999956
208899477,02/02/2020,15:55:00,BROOKLYN,84,0,,false,<18,M,BLACK,<18,M,BLACK,989365,190352,40.689155775000074,-73.98155743999996
213050796,05/13/2020,23:20:00,BROOKLYN,70,0,STORE UNCLASSIFIED,false,18-24,M,BLACK,25-44,M,BLACK,994482,175986,40.649719874000027,-73.963128026999982
213050796,05/13/2020,23:20:00,BROOKLYN,70,0,STORE UNCLASSIFIED,false,25-44,F,BLACK,25-44,M,BLACK,994482,175986,40.649719874000027,-73.963128026999982
210707459,03/08/2020,20:00:00,BROOKLYN,81,0,,false,,,,25-44,M,BLACK,1002041,186214,40.677781508000066,-73.935860414999979
213923359,06/06/2020,22:30:00,MANHATTAN,26,0,,false,18-24,M,BLACK,45-64,F,BLACK,997239,235952,40.814308168000025,-73.953076778999957
206909222,01/02/2020,04:10:00,BROOKLYN,67,0,,false,,,,25-44,M,BLACK,1001587,177886,40.654923901000075,-73.937518612999952
213772736,06/01/2020,23:30:00,BRONX,46,0,,false,,,,25-44,M,BLACK HISPANIC,1009699,248848,40.84967686300007,-73.908014298999944
213854003,06/04/2020,12:15:00,BROOKLYN,77,0,,false,,,,25-44,M,BLACK,1002792,185840,40.676753422000047,-73.933153900999969
207815721,01/11/2020,16:00:00,STATEN ISLAND,121,0,,false,<18,M,BLACK,18-24,M,BLACK,940372,170379,40.634227087000056,-74.158089493999967
209281505,02/09/2020,07:54:00,BRONX,41,0,,false,45-64,M,BLACK,UNKNOWN,M,WHITE HISPANIC,1013086,236614,40.81608766100004,-73.895824353999956
214694691,06/27/2020,03:05:00,BROOKLYN,73,0,,false,,,,25-44,M,BLACK,1009317,183094,40.669200199000045,-73.90964022299994
213187657,05/17/2020,01:20:00,BROOKLYN,73,0,PVT HOUSE,false,,,,18-24,F,BLACK,1009357,177370,40.653488974000027,-73.909517344999983
212400207,04/25/2020,00:55:00,MANHATTAN,32,0,,false,,,,25-44,M,BLACK,1001250,237934,40.819741394000062,-73.938581433999957
212400207,04/25/2020,00:55:00,MANHATTAN,32,0,,true,,,,25-44,M,BLACK,1001250,237934,40.819741394000062,-73.938581433999957
212400207,04/25/2020,00:55:00,MANHATTAN,32,0,,false,,,,25-44,M,BLACK HISPANIC,1001250,237934,40.819741394000062,-73.938581433999957
212400207,04/25/2020,00:55:00,MANHATTAN,32,0,,true,,,,25-44,M,BLACK HISPANIC,1001250,237934,40.819741394000062,-73.938581433999957
214184463,06/14/2020,02:25:00,BRONX,44,0,,false,,,,25-44,M,BLACK,1004315,243965,40.836288335000063,-73.927489735999984
214467130,06/22/2020,20:39:00,BRONX,43,0,BAR/NIGHT CLUB,false,,,,25-44,M,BLACK,1018876,241924,40.830641297000057,-73.874879188999955
213522753,05/26/2020,00:18:00,BROOKLYN,77,0,,false,,,,25-44,M,BLACK,1002251,183677,40.67081759000007,-73.935110086999941
208072393,01/16/2020,19:55:00,BROOKLYN,73,0,,false,UNKNOWN,U,UNKNOWN,18-24,F,WHITE HISPANIC,1008228,183789,40.671110834000046,-73.91356336299998
214431178,06/21/2020,23:13:00,BROOKLYN,73,0,,false,,,,25-44,M,BLACK,1008544,186799,40.679371743000047,-73.912413368999978
214214864,06/15/2020,12:18:00,BRONX,45,0,,false,,,,25-44,M,BLACK HISPANIC,1031254,246277,40.842531801000064,-73.830120443999988
209685239,02/17/2020,22:28:00,QUEENS,113,2,MULTI DWELL - PUBLIC HOUS,false,,,,18-24,F,BLACK,1044553,188701,40.684420223000075,-73.782572113999947
210707460,03/08/2020,15:38:00,BROOKLYN,67,0,,false,,,,25-44,M,BLACK,1006807,175875,40.649392388000081,-73.918712382999956
211830549,04/07/2020,17:05:00,BROOKLYN,75,0,,false,,,,18-24,M,BLACK,1016409,178125,40.655538482000054,-73.884098792999964
213188081,05/16/2020,02:28:00,BROOKLYN,75,2,MULTI DWELL - PUBLIC HOUS,false,18-24,M,BLACK,18-24,M,BLACK,1014551,184360,40.672658718000037,-73.89076708999994
208549976,01/26/2020,23:16:00,MANHATTAN,32,0,GROCERY/BODEGA,false,,,,25-44,M,BLACK,1000515,237599,40.818823297000051,-73.941237758999989
214467578,06/22/2020,01:34:00,BRONX,40,2,MULTI DWELL - PUBLIC HOUS,false,,,,18-24,M,BLACK,1006600,238545,40.82140650100007,-73.919250168999952
207824248,01/13/2020,03:51:00,QUEENS,115,0,,false,25-44,M,BLACK,25-44,M,BLACK,1022705,215793,40.75890301700008,-73.861192609999989
207824248,01/13/2020,03:51:00,QUEENS,115,0,,true,25-44,M,BLACK,25-44,M,BLACK,1022705,215793,40.75890301700008,-73.861192609999989
207824248,01/13/2020,03:51:00,QUEENS,115,0,,false,25-44,M,WHITE HISPANIC,25-44,M,BLACK,1022705,215793,40.75890301700008,-73.861192609999989
207824248,01/13/2020,03:51:00,QUEENS,115,0,,true,25-44,M,WHITE HISPANIC,25-44,M,BLACK,1022705,215793,40.75890301700008,-73.861192609999989
207824248,01/13/2020,03:51:00,QUEENS,115,0,,false,25-44,M,BLACK,25-44,M,WHITE HISPANIC,1022705,215793,40.75890301700008,-73.861192609999989
207824248,01/13/2020,03:51:00,QUEENS,115,0,,true,25-44,M,BLACK,25-44,M,WHITE HISPANIC,1022705,215793,40.75890301700008,-73.861192609999989
207824248,01/13/2020,03:51:00,QUEENS,115,0,,false,25-44,M,WHITE HISPANIC,25-44,M,WHITE HISPANIC,1022705,215793,40.75890301700008,-73.861192609999989
207824248,01/13/2020,03:51:00,QUEENS,115,0,,true,25-44,M,WHITE HISPANIC,25-44,M,WHITE HISPANIC,1022705,215793,40.75890301700008,-73.861192609999989
213187659,05/15/2020,19:47:00,BROOKLYN,79,2,MULTI DWELL - PUBLIC HOUS,false,,,,25-44,M,BLACK,997242,193691,40.698312502000078,-73.953147595999951
213386283,05/21/2020,17:02:00,BROOKLYN,73,2,MULTI DWELL - PUBLIC HOUS,false,,,,18-24,M,BLACK,1009656,181287,40.664239422000037,-73.908425010999963
207815138,01/10/2020,03:38:00,MANHATTAN,30,0,,false,,,,25-44,M,ASIAN / PACIFIC ISLANDER,997234,239120,40.82300344500004,-73.953088712999943
208955529,02/03/2020,21:12:00,BRONX,47,0,,true,45-64,M,BLACK,25-44,M,BLACK,1024708,266922,40.899228355000048,-73.853654177999942
214468086,06/22/2020,22:50:00,BROOKLYN,71,0,,false,,,,18-24,F,BLACK,999349,180852,40.663069018000044,-73.945577758999946
214468086,06/22/2020,22:50:00,BROOKLYN,71,0,,false,,,,25-44,F,BLACK,999349,180852,40.663069018000044,-73.945577758999946
214468086,06/22/2020,22:50:00,BROOKLYN,71,0,,false,,,,25-44,M,BLACK,999349,180852,40.663069018000044,-73.945577758999946
213187658,05/15/2020,15:26:00,MANHATTAN,34,0,,false,18-24,M,BLACK HISPANIC,25-44,M,BLACK HISPANIC,1003659,250199,40.853400299000043,-73.929842371999939
210789007,03/10/2020,00:45:00,MANHATTAN,32,0,,false,18-24,M,BLACK,18-24,M,BLACK,1001304,237165,40.817630602000065,-73.938388289999978
211362213,03/20/2020,21:27:00,BROOKLYN,81,0,,false,,,,25-44,M,BLACK,1001586,189839,40.687732210000036,-73.93749147799997
214617014,06/26/2020,02:45:00,QUEENS,100,0,PVT HOUSE,false,25-44,F,BLACK,25-44,M,BLACK,1039878,156271,40.595437653000033,-73.799695672999974
210592236,03/05/2020,18:39:00,MANHATTAN,25,0,MULTI DWELL - APT BUILD,true,25-44,M,BLACK,25-44,M,BLACK,1001146,233195,40.806734361000053,-73.93896910899997
208008880,01/14/2020,16:57:00,QUEENS,102,0,,false,,,,25-44,M,BLACK,1025457,192749,40.695640535000052,-73.851399993999962
207571934,01/07/2020,16:43:00,BROOKLYN,67,0,,false,18-24,M,BLACK,<18,M,BLACK,999005,176940,40.652332016000059,-73.946826249999958
207571934,01/07/2020,16:43:00,BROOKLYN,67,0,,false,<18,M,BLACK,<18,M,BLACK,999005,176940,40.652332016000059,-73.946826249999958
214215425,06/15/2020,19:07:00,BROOKLYN,71,0,,false,,,,25-44,M,WHITE HISPANIC,995045,182822,40.668482524000069,-73.961088181999969
213188078,05/17/2020,10:11:00,BRONX,40,0,,false,25-44,F,BLACK,25-44,M,BLACK,1007580,235710,40.813622691000035,-73.915719253999953
213188085,05/16/2020,22:00:00,BRONX,42,0,,false,,,,25-44,M,BLACK,1011998,241978,40.830813798000065,-73.899732835999941
210461145,03/03/2020,12:23:00,BROOKLYN,70,0,,false,,,,18-24,M,BLACK,998409,171068,40.636215614000037,-73.948986483999988
212063774,04/15/2020,13:15:00,QUEENS,101,0,,true,,,,25-44,M,BLACK,1051729,159440,40.604053581000073,-73.756991036999977
214184460,06/14/2020,15:50:00,QUEENS,110,0,,false,45-64,M,BLACK,25-44,M,BLACK,1024384,207831,40.737041894000072,-73.855179541999973
214102398,06/11/2020,20:27:00,QUEENS,113,0,,false,25-44,M,ASIAN / PACIFIC ISLANDER,25-44,M,BLACK,1041333,188264,40.683242112000073,-73.794185848999973
214102398,06/11/2020,20:27:00,QUEENS,113,0,,false,<18,M,BLACK,25-44,M,BLACK,1041333,188264,40.683242112000073,-73.794185848999973
214359651,06/18/2020,19:30:00,BROOKLYN,75,0,,false,,,,25-44,M,BLACK,1017687,174626,40.645929761000048,-73.879510167999968
214693797,06/27/2020,03:45:00,BRONX,44,0,,false,,,,18-24,M,BLACK HISPANIC,1010688,245851,40.841448077000052,-73.904451308999967
212727274,05/05/2020,21:54:00,MANHATTAN,32,0,MULTI DWELL - APT BUILD,false,,,,25-44,M,BLACK,1000367,236343,40.815376202000039,-73.941775482999958
214729487,06/29/2020,02:45:00,QUEENS,113,0,,false,,,,18-24,M,BLACK,1052844,189120,40.685509910000064,-73.752673854999955
214431183,06/20/2020,04:55:00,BRONX,48,0,MULTI DWELL - APT BUILD,false,,,,18-24,F,BLACK,1015742,247472,40.845880666000028,-73.886177944999986
214431183,06/20/2020,04:55:00,BRONX,48,0,MULTI DWELL - APT BUILD,false,,,,18-24,M,BLACK,1015742,247472,40.845880666000028,-73.886177944999986
214431183,06/20/2020,04:55:00,BRONX,48,0,MULTI DWELL - APT BUILD,false,,,,<18,F,WHITE HISPANIC,1015742,247472,40.845880666000028,-73.886177944999986
214431176,06/20/2020,02:05:00,BRONX,40,2,,false,,,,25-44,F,BLACK,1004776,234057,40.809092626000051,-73.925854061999985
213724259,05/30/2020,23:35:00,BROOKLYN,90,0,,false,,,,45-64,M,BLACK,1000697,197070,40.707581317000063,-73.940679367999962
212944539,05/11/2020,12:45:00,QUEENS,105,0,,false,,,,25-44,M,BLACK,1054702,182715,40.667915107000056,-73.746041501999969
210706802,03/06/2020,05:39:00,BROOKLYN,73,0,,false,,,,25-44,M,BLACK,1008239,178971,40.657886467000026,-73.913540851999983
214615266,06/26/2020,04:20:00,BRONX,52,0,,false,,,,18-24,F,WHITE HISPANIC,1013734,254081,40.864027324000062,-73.893406510999966
214694695,06/27/2020,17:30:00,MANHATTAN,23,0,,false,25-44,M,BLACK,25-44,M,WHITE HISPANIC,999812,225719,40.786217222000062,-73.943805153999961
212726821,05/05/2020,17:29:00,BROOKLYN,61,2,MULTI DWELL - PUBLIC HOUS,false,,,,25-44,M,BLACK,1000566,156826,40.597120566000058,-73.94124921699995
213283577,05/19/2020,02:15:00,BRONX,47,0,GROCERY/BODEGA,false,25-44,M,WHITE HISPANIC,25-44,M,BLACK,1025864,261342,40.883907664000048,-73.849507304999975
213283577,05/19/2020,02:15:00,BRONX,47,0,GROCERY/BODEGA,false,45-64,M,BLACK HISPANIC,25-44,M,BLACK,1025864,261342,40.883907664000048,-73.849507304999975
214513456,06/23/2020,23:38:00,QUEENS,114,2,MULTI DWELL - PUBLIC HOUS,false,,,,25-44,M,BLACK,999113,214335,40.754972311000074,-73.946354502999952
212676557,05/04/2020,21:59:00,BROOKLYN,67,0,,false,,,,18-24,M,BLACK,1003869,176481,40.651062722000063,-73.929298337999967
212676557,05/04/2020,21:59:00,BROOKLYN,67,0,,false,,,,25-44,M,BLACK,1003869,176481,40.651062722000063,-73.929298337999967
214102397,06/11/2020,20:49:00,BROOKLYN,63,0,PVT HOUSE,false,,,,25-44,M,WHITE,1010638,162331,40.612206398000069,-73.904959505999955
210758101,03/09/2020,00:10:00,BROOKLYN,72,0,,false,18-24,M,BLACK,18-24,M,WHITE HISPANIC,981063,173898,40.643994100000043,-74.011485558999937
214359654,06/18/2020,22:30:00,BROOKLYN,83,0,,false,25-44,M,BLACK,25-44,M,BLACK,1007103,189971,40.688081995000061,-73.917597899999976
214312112,06/17/2020,03:21:00,QUEENS,103,0,PVT HOUSE,false,,,,25-44,M,BLACK,1038668,192318,40.69438617000003,-73.803761860999941
206909664,01/02/2020,19:30:00,BROOKLYN,72,0,,false,25-44,M,WHITE HISPANIC,18-24,F,WHITE,977602,173294,40.642334327000071,-74.023956418999944
213943825,06/07/2020,13:40:00,BROOKLYN,73,2,MULTI DWELL - PUBLIC HOUS,true,,,,25-44,M,BLACK,1005740,182009,40.666231521000043,-73.922538000999964
214184461,06/14/2020,14:05:00,BROOKLYN,71,0,MULTI DWELL - APT BUILD,false,25-44,M,BLACK,25-44,M,BLACK,1002882,181672,40.665313006000076,-73.932840952999982
214467579,06/22/2020,03:00:00,BRONX,40,0,,false,,,,45-64,F,BLACK,1010325,237183,40.817657987000075,-73.905796922999969
214467579,06/22/2020,03:00:00,BRONX,40,0,,false,,,,45-64,M,BLACK,1010325,237183,40.817657987000075,-73.905796922999969
214104572,06/12/2020,01:45:00,BRONX,47,0,,false,,,,25-44,M,BLACK,1021707,259544,40.878991341000074,-73.864550836999967
208187330,01/18/2020,01:00:00,BRONX,42,2,MULTI DWELL - PUBLIC HOUS,false,,,,45-64,M,BLACK,1011057,240448,40.826617293000027,-73.903139290999945
214184455,06/13/2020,00:35:00,BRONX,44,0,,false,25-44,M,BLACK HISPANIC,25-44,M,WHITE HISPANIC,1005000,238878,40.822324395000066,-73.925029987999949
214513028,06/23/2020,18:18:00,BRONX,48,0,CANDY STORE,false,25-44,M,BLACK,25-44,M,BLACK,1016598,249443,40.851287381000077,-73.883074545999989
207868257,01/13/2020,13:52:00,BRONX,42,0,,false,25-44,M,BLACK HISPANIC,25-44,M,BLACK,1011628,240275,40.826140706000047,-73.901076794999938
207868257,01/13/2020,13:52:00,BRONX,42,0,,false,25-44,M,BLACK HISPANIC,25-44,M,BLACK HISPANIC,1011628,240275,40.826140706000047,-73.901076794999938
212169711,04/18/2020,00:57:00,BRONX,48,0,,true,25-44,M,BLACK,25-44,M,WHITE HISPANIC,1014546,245736,40.841120042000057,-73.890508560999933
212169711,04/18/2020,00:57:00,BRONX,48,0,,true,25-44,M,BLACK HISPANIC,25-44,M,WHITE HISPANIC,1014546,245736,40.841120042000057,-73.890508560999933
212169711,04/18/2020,00:57:00,BRONX,48,0,,true,25-44,M,WHITE HISPANIC,25-44,M,WHITE HISPANIC,1014546,245736,40.841120042000057,-73.890508560999933
208530038,01/24/2020,14:48:00,BROOKLYN,90,2,MULTI DWELL - PUBLIC HOUS,false,,,,25-44,M,BLACK,1001438,194908,40.701645727000027,-73.938012200999935
213724262,05/30/2020,23:08:00,BROOKLYN,63,0,,false,,,,25-44,M,BLACK,999751,168628,40.629516084000045,-73.94415685499996
213471606,05/24/2020,23:30:00,BRONX,46,0,,false,,,,25-44,F,WHITE HISPANIC,1011143,252027,40.858397988000036,-73.902782112999944
211958003,04/11/2020,22:50:00,BROOKLYN,69,0,,false,,,,25-44,M,BLACK,1008592,172971,40.641416810000067,-73.91229022999994
211362504,03/21/2020,01:08:00,BRONX,46,0,,false,,,,25-44,M,BLACK HISPANIC,1009120,247786,40.846763637000038,-73.91011107099996
213188083,05/16/2020,02:26:00,QUEENS,113,0,,false,,,,<18,M,BLACK,1043056,190627,40.689716709000038,-73.78795288699996
207701108,01/09/2020,03:34:00,MANHATTAN,9,0,,true,25-44,M,BLACK,25-44,M,BLACK,988875,203909,40.726366811000048,-73.983315003999962
214574798,06/25/2020,03:12:00,BROOKLYN,63,0,PVT HOUSE,false,,,,25-44,F,BLACK,1005120,167717,40.627004560000046,-73.924817083999983
213921488,06/05/2020,15:55:00,BRONX,46,0,,false,,,,25-44,M,BLACK,1011536,251248,40.856258661000027,-73.901364573999956
213779570,06/02/2020,21:17:00,BROOKLYN,77,0,MULTI DWELL - PUBLIC HOUS,false,25-44,M,BLACK,45-64,M,BLACK,1004448,185438,40.675646399000073,-73.927184903999944
214184462,06/13/2020,12:55:00,BRONX,46,2,MULTI DWELL - PUBLIC HOUS,false,,,,25-44,M,BLACK HISPANIC,1005623,248047,40.847489162000045,-73.922749824999983
213748381,06/01/2020,14:33:00,QUEENS,113,0,,false,,,,18-24,M,BLACK,1051165,185567,40.675770619000048,-73.758763029999955
213748381,06/01/2020,14:33:00,QUEENS,113,0,,true,,,,18-24,M,BLACK,1051165,185567,40.675770619000048,-73.758763029999955
213748381,06/01/2020,14:33:00,QUEENS,113,0,,false,,,,25-44,M,BLACK,1051165,185567,40.675770619000048,-73.758763029999955
213748381,06/01/2020,14:33:00,QUEENS,113,0,,true,,,,25-44,M,BLACK,1051165,185567,40.675770619000048,-73.758763029999955
214561879,06/24/2020,22:46:00,BRONX,46,0,MULTI DWELL - APT BUILD,false,,,,25-44,M,BLACK,1009701,249613,40.851776555000072,-73.908004165999955
209808543,02/19/2020,20:24:00,QUEENS,101,0,,false,25-44,M,BLACK,18-24,F,BLACK,1051960,160392,40.606664855000076,-73.756149602999983
209808543,02/19/2020,20:24:00,QUEENS,101,0,,false,25-44,M,BLACK,25-44,M,BLACK,1051960,160392,40.606664855000076,-73.756149602999983
208187328,01/19/2020,23:30:00,BRONX,46,0,,true,25-44,F,WHITE HISPANIC,18-24,M,BLACK,1011539,251548,40.857082062000075,-73.901352507999945
208187328,01/19/2020,23:30:00,BRONX,46,0,,true,25-44,M,WHITE HISPANIC,18-24,M,BLACK,1011539,251548,40.857082062000075,-73.901352507999945
211767422,04/04/2020,18:15:00,BROOKLYN,79,2,MULTI DWELL - PUBLIC HOUS,false,,,,18-24,M,BLACK,999888,193014,40.69645001400005,-73.943606736999982
209281498,02/07/2020,22:50:00,BROOKLYN,75,0,,false,25-44,M,BLACK,25-44,F,BLACK,1013878,184468,40.672957431000043,-73.893192760999966
212558134,04/30/2020,23:36:00,QUEENS,101,0,GROCERY/BODEGA,false,,,,25-44,M,BLACK,1044122,155673,40.593768616000034,-73.784419199999945
214693798,06/27/2020,04:00:00,MANHATTAN,25,2,MULTI DWELL - PUBLIC HOUS,false,,,,25-44,M,BLACK,1002864,230116,40.798279899000079,-73.932771824999975
214214866,06/15/2020,12:51:00,STATEN ISLAND,122,0,,false,,,,45-64,M,WHITE,959956,152172,40.584327988000041,-74.08746486299998
212426782,04/27/2020,19:30:00,BRONX,44,0,MULTI DWELL - APT BUILD,false,,,,25-44,M,WHITE HISPANIC,1007801,245976,40.841799335000076,-73.914884830999938
213748380,06/01/2020,20:15:00,BROOKLYN,79,2,MULTI DWELL - PUBLIC HOUS,false,45-64,M,BLACK,25-44,M,WHITE HISPANIC,997242,193691,40.698312502000078,-73.953147595999951
209404273,02/11/2020,18:07:00,BROOKLYN,63,2,MULTI DWELL - PUBLIC HOUS,true,,,,18-24,M,BLACK,1006538,170247,40.633945420000032,-73.919700373999945
213922505,06/05/2020,19:35:00,BROOKLYN,72,0,,false,,,,18-24,M,BLACK HISPANIC,981801,172316,40.639652084000033,-74.008825656999988
209747702,02/18/2020,22:25:00,STATEN ISLAND,120,0,PVT HOUSE,false,25-44,M,BLACK,25-44,M,BLACK,950543,170917,40.635748327000044,-74.121447137999951
209747702,02/18/2020,22:25:00,STATEN ISLAND,120,0,PVT HOUSE,false,UNKNOWN,U,UNKNOWN,25-44,M,BLACK,950543,170917,40.635748327000044,-74.121447137999951
207815719,01/12/2020,15:20:00,MANHATTAN,28,2,MULTI DWELL - PUBLIC HOUS,false,,,,18-24,M,BLACK,997875,230878,40.800380481000047,-73.950789432999954
211790146,04/06/2020,21:53:00,BROOKLYN,75,0,,false,25-44,M,BLACK,25-44,M,BLACK,1015238,180730,40.662692805000063,-73.888307159999954
213335681,05/20/2020,16:40:00,BRONX,40,2,MULTI DWELL - PUBLIC HOUS,false,25-44,M,BLACK HISPANIC,25-44,M,WHITE,1009821,236559,40.815946755000027,-73.907620164999969
213386282,05/21/2020,01:09:00,MANHATTAN,28,0,,false,,,,18-24,M,BLACK,997911,232850,40.805793025000071,-73.950655392999977
209281502,02/08/2020,20:28:00,BRONX,41,0,,false,45-64,M,BLACK,UNKNOWN,M,WHITE,1013775,238190,40.820411060000026,-73.893328241999939
210461144,03/03/2020,21:27:00,MANHATTAN,23,0,,false,25-44,M,WHITE HISPANIC,25-44,M,WHITE HISPANIC,999433,227426,40.790903138000033,-73.945169910999937
214608420,06/26/2020,00:20:00,BRONX,48,0,,false,,,,25-44,M,BLACK,1013815,251744,40.857612694000068,-73.893123976999959
208532945,01/25/2020,10:30:00,BRONX,41,2,MULTI DWELL - PUBLIC HOUS,false,,,,25-44,M,BLACK,1014791,239916,40.82514498300003,-73.889649603999942
209974085,02/21/2020,22:10:00,QUEENS,109,0,,false,,,,25-44,M,UNKNOWN,1036042,213906,40.753655629000036,-73.813065456999936
212170020,04/19/2020,14:50:00,BROOKLYN,73,0,,true,,,,25-44,M,BLACK,1009004,180575,40.662286987000073,-73.910777769999982
213121382,05/15/2020,08:33:00,MANHATTAN,1,0,,false,25-44,F,BLACK HISPANIC,25-44,M,BLACK,982600,196931,40.707214924000027,-74.005952736999973
210338030,03/01/2020,19:15:00,BRONX,48,0,,false,,,,18-24,M,BLACK,1015283,247424,40.845750546000033,-73.887837157999968
212903273,05/09/2020,19:23:00,MANHATTAN,28,0,,false,25-44,M,BLACK,25-44,M,BLACK,996343,231877,40.80312469200004,-73.956321049999985
212640532,05/02/2020,21:55:00,MANHATTAN,28,0,,false,,,,25-44,M,BLACK,996204,232575,40.805040700000063,-73.956821880999939
213923358,06/06/2020,21:00:00,BRONX,47,0,,false,,,,18-24,M,BLACK,1025754,268697,40.904095295000047,-73.849859522999964
212516310,04/29/2020,13:40:00,BROOKLYN,67,0,,false,,,,18-24,M,BLACK,1006900,177701,40.654404122000074,-73.918371105999938
212516310,04/29/2020,13:40:00,BROOKLYN,67,0,,false,,,,25-44,M,BLACK,1006900,177701,40.654404122000074,-73.918371105999938
214693785,06/27/2020,02:00:00,BRONX,44,0,,false,,,,25-44,M,BLACK,1006769,241999,40.830886316000033,-73.918627974999936
214467131,06/22/2020,02:27:00,BRONX,42,0,MULTI DWELL - APT BUILD,false,,,,25-44,M,BLACK,1013251,243005,40.833628590000046,-73.895200628999987
214467131,06/22/2020,02:27:00,BRONX,42,0,MULTI DWELL - APT BUILD,false,,,,25-44,M,BLACK HISPANIC,1013251,243005,40.833628590000046,-73.895200628999987
210721533,03/09/2020,09:15:00,BROOKLYN,75,0,,true,45-64,M,BLACK,25-44,F,BLACK,1017081,174596,40.64584968500003,-73.881694050999954
214432034,06/20/2020,05:45:00,BROOKLYN,77,0,PVT HOUSE,false,,,,25-44,M,BLACK,1001639,185922,40.676980833000073,-73.937310478999962
212250653,04/22/2020,01:06:00,BRONX,46,0,,false,45-64,M,BLACK,25-44,M,BLACK,1009028,247973,40.847277155000029,-73.910442905999957
214184454,06/12/2020,22:15:00,QUEENS,105,0,PVT HOUSE,false,,,,45-64,M,BLACK,1049321,181687,40.665134669000054,-73.765448341999956
212824098,05/07/2020,22:10:00,BROOKLYN,73,2,MULTI DWELL - PUBLIC HOUS,true,18-24,M,BLACK,45-64,M,BLACK,1010869,183398,40.67003008100005,-73.90404439699995
209747701,02/17/2020,23:56:00,QUEENS,113,0,,false,45-64,M,BLACK,25-44,M,BLACK,1051317,192150,40.693838234000054,-73.758149525999954
213724258,05/30/2020,23:27:00,MANHATTAN,33,0,,false,,,,25-44,M,WHITE HISPANIC,1002119,246967,40.844532665000031,-73.935417728999937
213858244,06/05/2020,00:07:00,BRONX,48,0,,true,18-24,M,BLACK,18-24,M,BLACK,1016042,249486,40.851407424000058,-73.885084087999985
213188080,05/16/2020,00:45:00,BROOKLYN,67,0,,false,,,,18-24,M,BLACK,997102,172326,40.639670548000026,-73.953693215999976
209640335,02/14/2020,16:32:00,BROOKLYN,71,0,,false,,,,<18,M,BLACK,997457,181411,40.664606373000026,-73.952396292999936
211896337,04/09/2020,14:56:00,QUEENS,114,2,MULTI DWELL - PUBLIC HOUS,true,,,,25-44,M,UNKNOWN,1002577,221583,40.774859697000068,-73.933831683999983
213921487,06/05/2020,00:31:00,BROOKLYN,79,2,MULTI DWELL - PUBLIC HOUS,false,,,,18-24,M,BLACK,998205,190419,40.689330153000071,-73.949681447999978
212823698,05/07/2020,15:06:00,QUEENS,114,2,MULTI DWELL - PUBLIC HOUS,false,18-24,M,ASIAN / PACIFIC ISLANDER,25-44,M,UNKNOWN,998644,214588,40.755667508000045,-73.948046782999938
214778538,06/30/2020,21:00:00,BROOKLYN,73,0,MULTI DWELL - APT BUILD,false,,,,18-24,M,BLACK,1008676,178766,40.65732259300006,-73.911966569999947
214778538,06/30/2020,21:00:00,BROOKLYN,73,0,MULTI DWELL - APT BUILD,false,,,,25-44,M,BLACK,1008676,178766,40.65732259300006,-73.911966569999947
206931576,01/05/2020,14:25:00,BROOKLYN,79,0,GROCERY/BODEGA,false,,,,18-24,M,BLACK,998095,188080,40.682910305000064,-73.950082900999973
212903585,05/08/2020,01:05:00,BROOKLYN,83,0,,false,25-44,M,WHITE HISPANIC,25-44,M,WHITE HISPANIC,1007545,193394,40.697476184000038,-73.915992296999946
213385782,05/21/2020,23:25:00,BROOKLYN,81,0,,false,,,,18-24,F,BLACK HISPANIC,1001546,190106,40.688465142000041,-73.937635024999963
209098666,02/05/2020,23:13:00,MANHATTAN,34,0,MULTI DWELL - APT BUILD,false,18-24,M,BLACK HISPANIC,18-24,M,WHITE HISPANIC,1003543,250846,40.855176376000031,-73.930259821999982
210827321,03/10/2020,02:20:00,BRONX,40,0,,false,25-44,M,BLACK,25-44,M,BLACK,1007956,233989,40.80889802400003,-73.914366989999962
211273196,03/20/2020,00:02:00,BRONX,40,2,MULTI DWELL - PUBLIC HOUS,false,45-64,M,BLACK,25-44,F,WHITE HISPANIC,1009769,236748,40.816465657000037,-73.907807307999974
214431180,06/21/2020,02:30:00,STATEN ISLAND,120,0,,false,,,,18-24,M,BLACK,959909,161320,40.609437266000043,-74.087667033999935
212170023,04/19/2020,08:50:00,BROOKLYN,75,0,GAS STATION,true,,,,25-44,M,BLACK,1014436,179503,40.659327733000055,-73.891203407999967
212200405,04/20/2020,19:36:00,BROOKLYN,79,2,MULTI DWELL - PUBLIC HOUS,true,,,,25-44,M,BLACK,1000215,193000,40.696411003000037,-73.942427523999982
213778871,06/02/2020,18:05:00,BROOKLYN,67,0,,true,,,,45-64,M,BLACK,1006872,177464,40.653753681000069,-73.918472812999937
213778871,06/02/2020,18:05:00,BROOKLYN,67,0,,true,,,,65+,M,BLACK,1006872,177464,40.653753681000069,-73.918472812999937
214693511,06/27/2020,01:10:00,BROOKLYN,73,0,,false,,,,25-44,M,BLACK,1007237,183220,40.669551686000034,-73.917137747999959
214693507,06/26/2020,20:40:00,BROOKLYN,73,0,COMMERCIAL BLDG,false,,,,18-24,M,BLACK,1007237,183220,40.669551686000034,-73.917137747999959
214058822,06/10/2020,04:35:00,BRONX,44,0,,false,,,,25-44,M,BLACK,1008524,247043,40.844725980000078,-73.912267947999965
212516311,04/29/2020,15:30:00,BRONX,46,0,,false,,,,<18,M,BLACK,1009085,248078,40.847565189000079,-73.910236494999936
213819784,06/03/2020,07:15:00,BRONX,44,0,,true,,,,25-44,M,BLACK,1010606,245659,40.840921337000054,-73.904748420999965
213723898,05/30/2020,18:30:00,QUEENS,105,0,,false,,,,25-44,M,BLACK,1059557,197917,40.70960094600008,-73.728370757999983
214694696,06/27/2020,23:45:00,BRONX,44,0,,false,,,,25-44,M,BLACK,1007952,241445,40.829362650000064,-73.914355106999949
210156781,02/26/2020,22:50:00,MANHATTAN,34,0,MULTI DWELL - APT BUILD,false,18-24,M,BLACK HISPANIC,25-44,F,BLACK HISPANIC,1006293,254234,40.864468978000048,-73.920307801999968
210156781,02/26/2020,22:50:00,MANHATTAN,34,0,MULTI DWELL - APT BUILD,false,18-24,M,BLACK HISPANIC,25-44,M,WHITE,1006293,254234,40.864468978000048,-73.920307801999968
214693509,06/26/2020,15:53:00,MANHATTAN,23,2,,false,,,,25-44,U,UNKNOWN,998751,226901,40.789463300000079,-73.947634003999951
206932848,01/04/2020,23:38:00,QUEENS,113,0,CHAIN STORE,false,,,,25-44,M,BLACK,1052792,187298,40.680509357000062,-73.752879880999956
208600971,01/27/2020,21:30:00,BROOKLYN,69,0,GROCERY/BODEGA,false,25-44,M,BLACK,25-44,M,BLACK,1011203,174515,40.645647196000027,-73.902875886999936
214186184,06/14/2020,22:50:00,BRONX,43,2,MULTI DWELL - PUBLIC HOUS,false,,,,25-44,M,BLACK,1017970,243163,40.83404549800008,-73.878146818999937
206931573,01/03/2020,17:30:00,BRONX,44,0,,false,,,,18-24,M,WHITE HISPANIC,1008669,246692,40.843762188000028,-73.91174515299997
214312557,06/17/2020,00:33:00,BRONX,42,0,MULTI DWELL - APT BUILD,false,,,,18-24,M,WHITE HISPANIC,1015667,243850,40.835939606000068,-73.886465988999987
214312557,06/17/2020,00:33:00,BRONX,42,0,MULTI DWELL - APT BUILD,false,,,,<18,M,BLACK,1015667,243850,40.835939606000068,-73.886465988999987
214693789,06/28/2020,16:57:00,MANHATTAN,23,0,MULTI DWELL - APT BUILD,false,,,,18-24,M,BLACK,999211,227549,40.791241119000063,-73.945971362999956
214184464,06/13/2020,23:02:00,MANHATTAN,25,0,,false,,,,45-64,M,BLACK,1000845,233657,40.808002994000049,-73.940055249999943
214431182,06/19/2020,23:00:00,BROOKLYN,75,0,PVT HOUSE,false,,,,25-44,M,BLACK,1018125,184815,40.673894635000067,-73.877880636999976
211964520,04/11/2020,19:48:00,MANHATTAN,23,2,MULTI DWELL - PUBLIC HOUS,false,25-44,M,BLACK,25-44,M,BLACK,1001747,228590,40.794093725000039,-73.936810154999989
211964520,04/11/2020,19:48:00,MANHATTAN,23,2,MULTI DWELL - PUBLIC HOUS,true,25-44,M,BLACK,25-44,M,BLACK,1001747,228590,40.794093725000039,-73.936810154999989
212286968,04/22/2020,20:35:00,QUEENS,105,0,,false,,,,25-44,M,ASIAN / PACIFIC ISLANDER,1058740,195560,40.703138482000043,-73.731343713999934
212336415,04/24/2020,02:53:00,BRONX,43,0,,false,18-24,M,BLACK,18-24,M,BLACK,1026934,240787,40.827485296000077,-73.845768611999972
213188084,05/16/2020,20:40:00,QUEENS,105,0,,false,18-24,M,BLACK,18-24,M,BLACK,1058631,182831,40.668201363000037,-73.731877352999959
208733991,01/29/2020,20:30:00,BROOKLYN,75,0,,false,25-44,M,WHITE HISPANIC,25-44,F,BLACK,1017119,183909,40.671411663000072,-73.881511723999949
208733991,01/29/2020,20:30:00,BROOKLYN,75,0,,false,25-44,M,WHITE HISPANIC,25-44,M,BLACK,1017119,183909,40.671411663000072,-73.881511723999949
211066106,03/13/2020,16:53:00,BROOKLYN,78,0,,true,25-44,M,BLACK,25-44,M,BLACK,989890,184527,40.673167153000065,-73.97966923499996
208549424,01/26/2020,17:30:00,MANHATTAN,32,2,MULTI DWELL - PUBLIC HOUS,false,25-44,F,BLACK,45-64,M,BLACK,1000126,238706,40.821862408000072,-73.942640553999979
211362503,03/21/2020,00:13:00,MANHATTAN,7,2,MULTI DWELL - PUBLIC HOUS,false,18-24,M,BLACK,25-44,M,BLACK,989667,212965,40.751222840000025,-73.980450272999974
211362503,03/21/2020,00:13:00,MANHATTAN,7,2,MULTI DWELL - PUBLIC HOUS,false,18-24,M,BLACK,25-44,M,BLACK HISPANIC,989667,212965,40.751222840000025,-73.980450272999974
211362503,03/21/2020,00:13:00,MANHATTAN,7,2,MULTI DWELL - PUBLIC HOUS,false,25-44,M,BLACK,25-44,M,BLACK,989667,212965,40.751222840000025,-73.980450272999974
211362503,03/21/2020,00:13:00,MANHATTAN,7,2,MULTI DWELL - PUBLIC HOUS,false,25-44,M,BLACK,25-44,M,BLACK HISPANIC,989667,212965,40.751222840000025,-73.980450272999974
211362503,03/21/2020,00:13:00,MANHATTAN,7,2,MULTI DWELL - PUBLIC HOUS,false,<18,M,BLACK,25-44,M,BLACK,989667,212965,40.751222840000025,-73.980450272999974
211362503,03/21/2020,00:13:00,MANHATTAN,7,2,MULTI DWELL - PUBLIC HOUS,false,<18,M,BLACK,25-44,M,BLACK HISPANIC,989667,212965,40.751222840000025,-73.980450272999974
214468087,06/22/2020,23:40:00,STATEN ISLAND,120,0,PVT HOUSE,false,,,,25-44,M,BLACK,960126,172813,40.640983725000069,-74.086926572999971
211362501,03/21/2020,01:15:00,QUEENS,115,0,,false,18-24,M,BLACK,25-44,M,BLACK,1019686,216471,40.76077656700005,-73.872086532999958
211362501,03/21/2020,01:15:00,QUEENS,115,0,,false,25-44,M,BLACK,25-44,M,BLACK,1019686,216471,40.76077656700005,-73.872086532999958
214693506,06/26/2020,02:57:00,MANHATTAN,23,2,MULTI DWELL - PUBLIC HOUS,false,,,,18-24,F,BLACK,1001246,228856,40.794824801000061,-73.938618867999935
213499452,05/25/2020,10:09:00,BROOKLYN,67,0,PVT HOUSE,false,,,,25-44,M,BLACK,1002407,177673,40.654337620000035,-73.93456389399995
213187662,05/15/2020,23:13:00,BRONX,52,0,,false,25-44,M,BLACK HISPANIC,25-44,M,UNKNOWN,1016850,255804,40.868745475000026,-73.882132714999955
214778542,06/30/2020,23:39:00,QUEENS,110,0,,true,,,,18-24,M,WHITE HISPANIC,1020360,211782,40.747903738000048,-73.869678749999935
214430796,06/20/2020,05:13:00,QUEENS,114,2,MULTI DWELL - PUBLIC HOUS,false,,,,25-44,M,BLACK,999484,214810,40.756275434000031,-73.945014328999946
211788599,04/06/2020,17:40:00,BROOKLYN,73,2,MULTI DWELL - PUBLIC HOUS,false,18-24,M,BLACK,18-24,F,BLACK,1010876,182683,40.668067545000042,-73.904021986999965
211788599,04/06/2020,17:40:00,BROOKLYN,73,2,MULTI DWELL - PUBLIC HOUS,false,<18,M,BLACK,18-24,F,BLACK,1010876,182683,40.668067545000042,-73.904021986999965
211065733,03/14/2020,00:50:00,BROOKLYN,71,0,,false,,,,25-44,M,BLACK,997107,180384,40.661788000000058,-73.953659840999933
213108367,05/15/2020,02:25:00,BRONX,48,0,MULTI DWELL - APT BUILD,true,25-44,M,BLACK,25-44,M,BLACK,1013908,249734,40.852095535000046,-73.892796673999953
214432036,06/20/2020,01:40:00,BROOKLYN,71,0,HOSPITAL,false,,,,25-44,M,BLACK,999439,178174,40.655718343000046,-73.945259388999943
213973275,06/08/2020,22:20:00,BRONX,48,0,,false,,,,25-44,M,WHITE HISPANIC,1011663,246486,40.843187992000026,-73.900924947999954
212640534,05/03/2020,04:36:00,BRONX,40,0,,false,,,,25-44,M,WHITE HISPANIC,1006230,234035,40.809028744000045,-73.920601758999965
206909435,01/02/2020,21:12:00,BROOKLYN,88,2,MULTI DWELL - PUBLIC HOUS,false,18-24,M,BLACK,25-44,M,BLACK,989418,192713,40.695636146000027,-73.981364516999975
214693505,06/27/2020,12:34:00,BROOKLYN,75,0,,true,45-64,M,BLACK,18-24,M,BLACK,1015129,182067,40.666362952000043,-73.88869391999998
214693505,06/27/2020,12:34:00,BROOKLYN,75,0,,true,45-64,M,BLACK,25-44,F,BLACK,1015129,182067,40.666362952000043,-73.88869391999998
208393713,01/23/2020,01:20:00,MANHATTAN,18,0,,true,<18,M,WHITE HISPANIC,25-44,M,BLACK,986131,218090,40.765291116000071,-73.993211060999954
206898769,01/01/2020,02:35:00,BROOKLYN,77,0,,false,,,,18-24,M,BLACK,994341,185941,40.677044310000042,-73.963621254999964
211066097,03/13/2020,00:32:00,MANHATTAN,28,2,,false,25-44,M,BLACK,25-44,M,BLACK,998007,230362,40.798963998000033,-73.95031371999994
211066097,03/13/2020,00:32:00,MANHATTAN,28,2,,false,25-44,M,BLACK,45-64,F,BLACK,998007,230362,40.798963998000033,-73.95031371999994
214431177,06/20/2020,03:45:00,BRONX,42,0,,false,,,,25-44,M,BLACK,1011653,241428,40.829305283000053,-73.900981753999986
211066101,03/14/2020,12:21:00,BROOKLYN,75,2,MULTI DWELL - PUBLIC HOUS,false,,,,25-44,M,BLACK,1017184,179927,40.660481724000078,-73.881296856999938
213471602,05/22/2020,17:50:00,STATEN ISLAND,120,2,MULTI DWELL - PUBLIC HOUS,false,25-44,M,BLACK,<18,U,BLACK,951319,171306,40.636818967000067,-74.118653126999959
214612429,06/26/2020,01:43:00,BROOKLYN,79,2,MULTI DWELL - PUBLIC HOUS,false,,,,25-44,M,BLACK,999282,192769,40.695778596000025,-73.945792676999986
214693788,06/27/2020,03:35:00,QUEENS,100,0,,false,,,,25-44,M,BLACK,1040864,155333,40.592856795000046,-73.796153147999973
213772741,06/02/2020,11:30:00,BRONX,40,0,,false,25-44,M,BLACK,25-44,M,BLACK,1003550,235576,40.81326462100003,-73.930278450999936
214432033,06/20/2020,21:00:00,BRONX,46,0,,false,,,,18-24,M,WHITE HISPANIC,1010372,251078,40.855795583000031,-73.905573006999987
212099041,04/11/2020,19:40:00,BROOKLYN,77,0,,false,,,,25-44,M,BLACK,998097,184951,40.674321905000056,-73.950082117999955
214366723,06/19/2020,02:25:00,MANHATTAN,24,2,MULTI DWELL - PUBLIC HOUS,false,,,,18-24,M,BLACK,992402,227087,40.789981956000076,-73.970561912999983
214513455,06/23/2020,22:04:00,BROOKLYN,63,0,PVT HOUSE,false,,,,25-44,U,BLACK,1004029,167694,40.626943932000074,-73.928747485999963
214431184,06/20/2020,04:00:00,BRONX,43,0,,false,,,,25-44,M,BLACK HISPANIC,1021531,244069,40.836517891000028,-73.86527334699997
214431184,06/20/2020,04:00:00,BRONX,43,0,,false,,,,45-64,M,BLACK,1021531,244069,40.836517891000028,-73.86527334699997
212999143,05/12/2020,13:01:00,BROOKLYN,77,0,,true,,,,<18,M,BLACK,1003789,183568,40.670515149000039,-73.92956610799996
211865567,04/08/2020,21:12:00,QUEENS,101,0,,false,,,,<18,M,WHITE HISPANIC,1051162,155661,40.59368532700006,-73.759070379999969
214312559,06/17/2020,18:34:00,BROOKLYN,71,0,,false,,,,<18,M,BLACK,1003939,181925,40.666005148000067,-73.929030177999948
208071994,01/16/2020,15:21:00,MANHATTAN,9,0,,false,18-24,M,BLACK,25-44,M,BLACK,990662,204062,40.726785644000074,-73.97686757799994
214513451,06/23/2020,21:33:00,BROOKLYN,90,2,MULTI DWELL - PUBLIC HOUS,true,,,,25-44,M,WHITE HISPANIC,1000014,197754,40.709459978000041,-73.943141253999954
209974084,02/21/2020,02:30:00,QUEENS,101,0,,false,,,,18-24,M,BLACK,1052662,157077,40.597560496000028,-73.753654996999956
213778870,06/02/2020,22:35:00,BROOKLYN,73,0,,true,,,,25-44,M,BLACK,1008512,184865,40.674063439000065,-73.912535701999957
214694692,06/27/2020,07:34:00,MANHATTAN,20,2,MULTI DWELL - PUBLIC HOUS,false,25-44,F,BLACK,25-44,M,WHITE HISPANIC,987567,221008,40.773299847000033,-73.988025679999964
214694692,06/27/2020,07:34:00,MANHATTAN,20,2,MULTI DWELL - PUBLIC HOUS,false,25-44,M,BLACK,25-44,M,WHITE HISPANIC,987567,221008,40.773299847000033,-73.988025679999964
214729492,06/29/2020,22:31:00,BROOKLYN,90,0,,false,,,,25-44,M,BLACK,998016,196598,40.706290365000029,-73.950350330999981
214183640,06/12/2020,18:20:00,QUEENS,105,0,COMMERCIAL BLDG,false,,,,25-44,M,WHITE,1058444,201817,40.720314869000049,-73.732342316999961
213549526,05/26/2020,04:15:00,BRONX,50,0,MULTI DWELL - APT BUILD,false,,,,65+,M,BLACK,1011244,256820,40.871553006000056,-73.902397687999951
213943826,06/07/2020,14:31:00,BRONX,40,2,MULTI DWELL - PUBLIC HOUS,false,25-44,M,BLACK,25-44,M,BLACK HISPANIC,1006566,238688,40.821799082000041,-73.919372535999969
211991685,04/13/2020,21:27:00,BROOKLYN,73,2,MULTI DWELL - PUBLIC HOUS,true,25-44,M,BLACK,18-24,M,BLACK,1009656,181287,40.664239422000037,-73.908425010999963
207502263,01/06/2020,14:15:00,BRONX,50,2,MULTI DWELL - PUBLIC HOUS,false,45-64,M,BLACK HISPANIC,25-44,M,BLACK,1011678,259907,40.880024527000046,-73.900815813999941
206909436,01/02/2020,16:25:00,MANHATTAN,25,2,MULTI DWELL - PUBLIC HOUS,false,18-24,M,BLACK,25-44,M,BLACK,1002883,231248,40.80138689000006,-73.932700059999945
206909436,01/02/2020,16:25:00,MANHATTAN,25,2,MULTI DWELL - PUBLIC HOUS,false,25-44,M,BLACK,25-44,M,BLACK,1002883,231248,40.80138689000006,-73.932700059999945
214184458,06/14/2020,16:58:00,QUEENS,114,2,,false,,,,45-64,M,BLACK,1002928,221436,40.774455486000079,-73.93256480499997
213974312,06/08/2020,22:40:00,BROOKLYN,73,0,,false,,,,18-24,F,BLACK,1009279,179175,40.658443523000074,-73.909791752999979
213974312,06/08/2020,22:40:00,BROOKLYN,73,0,,false,,,,25-44,M,BLACK,1009279,179175,40.658443523000074,-73.909791752999979
213974312,06/08/2020,22:40:00,BROOKLYN,73,0,,false,,,,45-64,M,BLACK,1009279,179175,40.658443523000074,-73.909791752999979
213974312,06/08/2020,22:40:00,BROOKLYN,73,0,,false,,,,<18,M,BLACK,1009279,179175,40.658443523000074,-73.909791752999979
210395368,03/03/2020,03:10:00,BROOKLYN,79,0,,true,,,,25-44,M,BLACK,998225,186768,40.679308959000025,-73.949616902999935
209029422,02/04/2020,18:43:00,BROOKLYN,75,0,,true,18-24,F,BLACK,18-24,M,BLACK,1017108,182186,40.666682456000046,-73.88155977599996
209029422,02/04/2020,18:43:00,BROOKLYN,75,0,,true,18-24,M,BLACK,18-24,M,BLACK,1017108,182186,40.666682456000046,-73.88155977599996
208549977,01/25/2020,04:58:00,BROOKLYN,73,0,MULTI DWELL - APT BUILD,true,25-44,M,BLACK,25-44,M,BLACK,1009465,180957,40.663334191000047,-73.909114706999958
212196025,04/20/2020,01:35:00,MANHATTAN,23,2,MULTI DWELL - PUBLIC HOUS,false,,,,25-44,M,BLACK,999584,230371,40.79898610500004,-73.944617868999956
214366724,06/19/2020,01:36:00,QUEENS,103,0,COMMERCIAL BLDG,false,,,,25-44,M,BLACK,1040919,196773,40.706599944000061,-73.795606956999961
211597940,03/30/2020,01:20:00,BROOKLYN,69,0,,false,,,,25-44,M,BLACK,1009320,173536,40.642965583000034,-73.909664938999981
208237501,01/20/2020,19:30:00,BROOKLYN,79,2,MULTI DWELL - PUBLIC HOUS,true,25-44,M,BLACK,45-64,F,BLACK,1001215,193881,40.698827283000071,-73.938819046999981
211958806,04/11/2020,23:00:00,BRONX,42,0,,false,,,,25-44,M,BLACK HISPANIC,1015437,244318,40.83722494500006,-73.887294991999966
211912303,04/10/2020,04:39:00,BRONX,44,0,,false,25-44,M,BLACK,65+,M,WHITE HISPANIC,1008249,242113,40.831195316000048,-73.913279519999946
208187331,01/18/2020,21:52:00,BRONX,52,0,,false,,,,25-44,M,WHITE HISPANIC,1015477,257492,40.87338347900004,-73.887089069999945
210527845,03/04/2020,14:39:00,BROOKLYN,73,0,,false,,,,25-44,M,BLACK,1009011,183273,40.669692375000068,-73.910742629999959
208009527,01/15/2020,19:35:00,QUEENS,114,2,MULTI DWELL - PUBLIC HOUS,false,25-44,M,BLACK,25-44,M,BLACK,999530,214433,40.75524058600007,-73.944849148999936
214184465,06/13/2020,18:15:00,QUEENS,113,0,,false,,,,<18,M,BLACK,1043959,189514,40.686655742000028,-73.784706635999953
214215423,06/15/2020,22:11:00,BRONX,42,0,,false,25-44,M,WHITE HISPANIC,25-44,M,BLACK,1010750,241556,40.82965936100004,-73.904244200999983
214215423,06/15/2020,22:11:00,BRONX,42,0,,true,25-44,M,WHITE HISPANIC,25-44,M,BLACK,1010750,241556,40.82965936100004,-73.904244200999983
209713053,02/18/2020,00:25:00,BRONX,50,2,MULTI DWELL - PUBLIC HOUS,false,18-24,M,BLACK HISPANIC,25-44,M,WHITE HISPANIC,1009548,258693,40.876698837000049,-73.908522937999976
209713053,02/18/2020,00:25:00,BRONX,50,2,MULTI DWELL - PUBLIC HOUS,false,18-24,M,WHITE HISPANIC,25-44,M,WHITE HISPANIC,1009548,258693,40.876698837000049,-73.908522937999976
212998636,05/11/2020,23:50:00,MANHATTAN,26,2,MULTI DWELL - PUBLIC HOUS,false,,,,18-24,M,WHITE HISPANIC,996279,235478,40.813008529000058,-73.956545768999945
210757630,03/09/2020,21:53:00,BRONX,42,2,MULTI DWELL - PUBLIC HOUS,false,,,,25-44,M,BLACK,1009945,244103,40.83665251900004,-73.907143294999969
214016090,06/09/2020,21:30:00,QUEENS,105,0,,false,,,,18-24,M,BLACK,1056036,179966,40.660359027000027,-73.741262098999982
214449047,06/22/2020,08:40:00,BROOKLYN,73,2,MULTI DWELL - PUBLIC HOUS,true,,,,45-64,M,BLACK,1008878,184164,40.67213834100005,-73.911218814999984
210220409,02/27/2020,22:00:00,QUEENS,113,0,,false,,,,25-44,M,BLACK,1048062,194225,40.69955767600004,-73.769867746999978
214359653,06/18/2020,23:20:00,BROOKLYN,77,2,MULTI DWELL - PUBLIC HOUS,false,,,,18-24,M,BLACK,1001160,184534,40.673172014000045,-73.939040854999973
213973277,06/08/2020,22:38:00,BROOKLYN,81,0,,false,,,,25-44,M,ASIAN / PACIFIC ISLANDER,1004426,187539,40.681413218000046,-73.927257926999971
213973277,06/08/2020,22:38:00,BROOKLYN,81,0,,false,,,,25-44,M,BLACK,1004426,187539,40.681413218000046,-73.927257926999971
214693794,06/28/2020,03:23:00,BROOKLYN,79,2,MULTI DWELL - PUBLIC HOUS,false,,,,18-24,F,BLACK,999849,193276,40.697169212000063,-73.943746774999966
214693794,06/28/2020,03:23:00,BROOKLYN,79,2,MULTI DWELL - PUBLIC HOUS,false,,,,18-24,M,BLACK,999849,193276,40.697169212000063,-73.943746774999966
213724264,05/31/2020,01:30:00,BROOKLYN,60,2,MULTI DWELL - PUBLIC HOUS,false,,,,18-24,M,BLACK,988594,154998,40.592117026000039,-73.984360318999961
208378499,01/22/2020,12:45:00,BRONX,52,0,,false,25-44,M,BLACK HISPANIC,25-44,M,WHITE,1009555,253180,40.861567319000073,-73.908518443999981
213724261,05/31/2020,00:14:00,BROOKLYN,67,0,PVT HOUSE,false,,,,18-24,M,BLACK,997366,172348,40.639730546000067,-73.952741929999945
212640102,05/02/2020,15:18:00,BRONX,49,0,,false,,,,25-44,M,WHITE HISPANIC,1021469,254216,40.864368635000062,-73.865441077999947
212640102,05/02/2020,15:18:00,BRONX,49,0,,true,,,,25-44,M,WHITE HISPANIC,1021469,254216,40.864368635000062,-73.865441077999947
212640102,05/02/2020,15:18:00,BRONX,49,0,,false,,,,45-64,M,WHITE HISPANIC,1021469,254216,40.864368635000062,-73.865441077999947
212640102,05/02/2020,15:18:00,BRONX,49,0,,true,,,,45-64,M,WHITE HISPANIC,1021469,254216,40.864368635000062,-73.865441077999947
214693792,06/27/2020,02:50:00,BROOKLYN,69,0,,false,18-24,M,BLACK,18-24,M,BLACK,1012273,178202,40.655763884000066,-73.899004809999951
214693792,06/27/2020,02:50:00,BROOKLYN,69,0,,false,18-24,M,BLACK,25-44,M,BLACK,1012273,178202,40.655763884000066,-73.899004809999951
213050251,05/13/2020,17:58:00,BROOKLYN,71,0,MULTI DWELL - APT BUILD,false,,,,<18,M,BLACK,1003322,182443,40.667428293000057,-73.93125275899996
208531435,01/25/2020,01:30:00,MANHATTAN,28,0,RESTAURANT/DINER,false,,,,25-44,M,BLACK,999393,233707,40.808142838000038,-73.945300202999988
214467577,06/22/2020,19:00:00,MANHATTAN,24,0,MULTI DWELL - APT BUILD,true,65+,M,BLACK HISPANIC,45-64,F,WHITE HISPANIC,990173,227127,40.790093520000028,-73.978611525999952
214778104,06/30/2020,09:00:00,BROOKLYN,79,0,STORE UNCLASSIFIED,false,,,,25-44,M,BLACK,1000212,190859,40.690534459000048,-73.942443414999957
214183639,06/12/2020,23:00:00,BRONX,47,0,,false,,,,18-24,F,BLACK,1021731,263219,40.889077955000062,-73.864443483999935
214183639,06/12/2020,23:00:00,BRONX,47,0,,true,,,,18-24,F,BLACK,1021731,263219,40.889077955000062,-73.864443483999935
214183639,06/12/2020,23:00:00,BRONX,47,0,,false,,,,18-24,M,BLACK,1021731,263219,40.889077955000062,-73.864443483999935
214183639,06/12/2020,23:00:00,BRONX,47,0,,true,,,,18-24,M,BLACK,1021731,263219,40.889077955000062,-73.864443483999935
214183639,06/12/2020,23:00:00,BRONX,47,0,,false,,,,<18,M,BLACK,1021731,263219,40.889077955000062,-73.864443483999935
214183639,06/12/2020,23:00:00,BRONX,47,0,,true,,,,<18,M,BLACK,1021731,263219,40.889077955000062,-73.864443483999935
212823697,05/07/2020,14:32:00,BRONX,44,0,,false,18-24,M,WHITE HISPANIC,25-44,M,BLACK HISPANIC,1007138,245060,40.839286927000046,-73.917284130999974
214431173,06/21/2020,10:28:00,BROOKLYN,75,0,,false,,,,25-44,M,BLACK,1015410,183284,40.669702359000041,-73.887675393999984
211830261,04/07/2020,16:44:00,BROOKLYN,75,0,,false,,,,25-44,M,BLACK,1015160,183234,40.669565997000063,-73.888576825999962
206931577,01/05/2020,21:57:00,BROOKLYN,79,0,,false,45-64,M,WHITE HISPANIC,25-44,M,BLACK,999215,189479,40.686748418000036,-73.946041602999969
212775223,05/06/2020,15:12:00,BROOKLYN,79,2,MULTI DWELL - PUBLIC HOUS,false,,,,25-44,M,BLACK,997621,194157,40.699590998000076,-73.951779858999942
213747897,06/01/2020,15:20:00,MANHATTAN,34,0,,false,,,,25-44,M,BLACK HISPANIC,1003017,249041,40.850223321000044,-73.932166294999945
214607780,06/25/2020,17:03:00,BROOKLYN,81,2,MULTI DWELL - PUBLIC HOUS,false,,,,18-24,M,BLACK,1002438,189695,40.687335253000072,-73.934419734999949
211066104,03/15/2020,07:05:00,BROOKLYN,73,0,MULTI DWELL - APT BUILD,false,18-24,M,BLACK,45-64,M,BLACK,1008795,178153,40.655639713000028,-73.911539906999963
210709521,03/08/2020,05:00:00,MANHATTAN,9,2,MULTI DWELL - PUBLIC HOUS,false,45-64,M,BLACK,<18,M,WHITE HISPANIC,990324,202686,40.723009095000066,-73.97808828999996
211066098,03/14/2020,00:01:00,STATEN ISLAND,121,2,MULTI DWELL - PUBLIC HOUS,false,,,,25-44,M,BLACK,942825,166367,40.623226819000081,-74.149226972999941
213942729,06/07/2020,21:24:00,BROOKLYN,88,2,MULTI DWELL - PUBLIC HOUS,true,,,,25-44,M,BLACK,990098,192781,40.695822366000073,-73.978912230999981
213723896,05/29/2020,17:30:00,BROOKLYN,69,0,PVT HOUSE,false,,,,18-24,M,BLACK,1009794,171557,40.637532300000032,-73.90796443499994
209099251,02/05/2020,04:02:00,QUEENS,101,0,MULTI DWELL - APT BUILD,false,,,,25-44,M,BLACK,1055616,156528,40.596030314000075,-73.743023724999944
212400497,04/25/2020,16:34:00,BROOKLYN,73,0,,false,,,,25-44,M,BLACK,1008245,183796,40.671130002000041,-73.913502054999981
213099074,05/14/2020,17:55:00,BRONX,41,0,,false,,,,25-44,M,WHITE HISPANIC,1015252,236829,40.816670440000053,-73.887998164999942
213187660,05/15/2020,21:49:00,BROOKLYN,79,0,,false,,,,25-44,F,BLACK,1000638,188057,40.682842833000052,-73.94091409899994
213187660,05/15/2020,21:49:00,BROOKLYN,79,0,,false,,,,45-64,M,BLACK,1000638,188057,40.682842833000052,-73.94091409899994
209876176,02/21/2020,02:15:00,BROOKLYN,75,2,MULTI DWELL - PUBLIC HOUS,false,,,,25-44,M,BLACK,1016576,178876,40.657599203000075,-73.883493316999989
213336457,05/20/2020,18:49:00,MANHATTAN,26,0,MULTI DWELL - APT BUILD,true,25-44,M,WHITE HISPANIC,45-64,F,WHITE HISPANIC,997530,235330,40.812600519000057,-73.952026728999954
212640103,05/01/2020,09:00:00,BROOKLYN,69,0,,false,25-44,M,BLACK,25-44,M,BLACK,1014084,174686,40.646107318000077,-73.892493411999965
214312556,06/17/2020,23:15:00,BRONX,47,2,MULTI DWELL - PUBLIC HOUS,false,,,,25-44,M,BLACK,1026877,262050,40.885846065000067,-73.845839361999936
214562241,06/24/2020,03:25:00,QUEENS,113,0,GROCERY/BODEGA,false,18-24,M,BLACK,25-44,M,BLACK,1044671,188114,40.682808242000078,-73.782151917999954
214562241,06/24/2020,03:25:00,QUEENS,113,0,GROCERY/BODEGA,false,25-44,M,BLACK,25-44,M,BLACK,1044671,188114,40.682808242000078,-73.782151917999954
213973276,06/08/2020,22:39:00,BROOKLYN,70,0,,false,,,,25-44,M,BLACK,996352,172912,40.641280049000045,-73.956394557999943
214467580,06/22/2020,01:05:00,BRONX,44,0,MULTI DWELL - APT BUILD,false,,,,25-44,M,BLACK,1004352,244652,40.838173866000034,-73.927353963999963
209809344,02/19/2020,19:05:00,MANHATTAN,23,2,MULTI DWELL - PUBLIC HOUS,true,,,,25-44,M,WHITE HISPANIC,1000069,230107,40.798260642000059,-73.942866761999937
211066102,03/14/2020,21:45:00,MANHATTAN,32,0,,false,,,,25-44,M,BLACK,1001374,238163,40.820369696000057,-73.938132845999974
207572465,01/07/2020,13:30:00,QUEENS,101,2,MULTI DWELL - PUBLIC HOUS,false,,,,25-44,M,BLACK HISPANIC,1053494,161530,40.60977656700004,-73.750613392999981
208532946,01/25/2020,20:05:00,QUEENS,105,0,,false,,,,25-44,F,BLACK,1049606,181348,40.664202093000029,-73.764424330999987
212063437,04/15/2020,22:03:00,BROOKLYN,77,0,,false,,,,18-24,M,BLACK,1005418,184431,40.672880145000079,-73.923691085999963
210757629,03/09/2020,22:32:00,BRONX,43,2,MULTI DWELL - PUBLIC HOUS,false,,,,25-44,M,BLACK,1017970,243163,40.83404549800008,-73.878146818999937
213853205,06/04/2020,18:25:00,MANHATTAN,34,0,,false,,,,25-44,F,BLACK,1004074,251407,40.856714976000035,-73.92833866999996
211767651,04/05/2020,03:19:00,BROOKLYN,67,0,,false,,,,25-44,M,BLACK,1006160,180447,40.661943149000081,-73.92102913399998
211767651,04/05/2020,03:19:00,BROOKLYN,67,0,,false,,,,45-64,M,BLACK,1006160,180447,40.661943149000081,-73.92102913399998
211767651,04/05/2020,03:19:00,BROOKLYN,67,0,,false,,,,UNKNOWN,M,BLACK,1006160,180447,40.661943149000081,-73.92102913399998
209974083,02/21/2020,10:22:00,BROOKLYN,73,0,,true,25-44,M,BLACK,25-44,M,BLACK,1008228,183789,40.671110834000046,-73.91356336299998
214214865,06/15/2020,18:20:00,BROOKLYN,81,0,MULTI DWELL - APT BUILD,false,<18,M,BLACK,25-44,M,BLACK,1004426,187539,40.681413218000046,-73.927257926999971
212998635,05/12/2020,16:47:00,STATEN ISLAND,120,0,MULTI DWELL - APT BUILD,false,25-44,M,BLACK,18-24,M,BLACK,962219,163861,40.616417830000046,-74.079355723999981
208531436,01/25/2020,03:39:00,BRONX,47,0,,false,25-44,M,BLACK,25-44,M,BLACK,1021780,259129,40.877851985000063,-73.864289181999936
212200404,04/20/2020,15:08:00,BROOKLYN,75,0,,false,,,,18-24,M,BLACK,1013100,182831,40.668466804000047,-73.896004447999985
214359648,06/18/2020,03:42:00,MANHATTAN,7,0,,false,,,,25-44,M,BLACK HISPANIC,989021,200767,40.717742701000077,-73.982790480999938
214439582,06/20/2020,22:30:00,BROOKLYN,88,2,MULTI DWELL - PUBLIC HOUS,false,,,,18-24,M,BLACK,991703,192337,40.69460248300004,-73.973124728999949
214693791,06/28/2020,01:45:00,BROOKLYN,90,2,MULTI DWELL - PUBLIC HOUS,false,18-24,M,BLACK,18-24,M,BLACK,1000565,196256,40.705347323000069,-73.941157445999977
214184456,06/14/2020,23:10:00,MANHATTAN,33,0,,false,18-24,M,BLACK HISPANIC,18-24,M,WHITE HISPANIC,1001859,246496,40.843240430000037,-73.936358680999945
209099250,02/05/2020,11:51:00,QUEENS,101,0,,false,,,,45-64,M,BLACK,1053921,158769,40.602194868000026,-73.749104005999982
209531028,02/13/2020,17:55:00,QUEENS,103,0,,false,18-24,M,BLACK,18-24,M,BLACK,1041360,194216,40.699578763000034,-73.794038042999944
213499453,05/25/2020,00:40:00,BRONX,46,0,,false,,,,18-24,F,BLACK HISPANIC,1006160,248680,40.849225244000024,-73.920806797999944
214694693,06/27/2020,22:28:00,BRONX,43,2,MULTI DWELL - PUBLIC HOUS,false,,,,25-44,M,BLACK,1020891,236726,40.816366145000075,-73.867626310999981
208532947,01/26/2020,00:27:00,BRONX,43,0,BAR/NIGHT CLUB,false,25-44,M,WHITE HISPANIC,45-64,M,WHITE HISPANIC,1021853,242624,40.832550421000064,-73.864117787999987
209640802,02/14/2020,18:36:00,BRONX,40,0,GROCERY/BODEGA,true,25-44,M,BLACK HISPANIC,25-44,M,WHITE,1006542,233378,40.807224680000047,-73.919476884999938
214359649,06/18/2020,23:51:00,BROOKLYN,81,0,MULTI DWELL - APT BUILD,false,,,,25-44,M,BLACK,1001931,190301,40.688999611000042,-73.93624626899998
213772739,06/02/2020,04:50:00,BRONX,46,0,,false,,,,45-64,M,WHITE HISPANIC,1011043,251220,40.856183319000024,-73.903146842999945
214729490,06/29/2020,21:35:00,BROOKLYN,71,0,,false,,,,25-44,M,BLACK,997457,181411,40.664606373000026,-73.952396292999936
214312561,06/17/2020,00:19:00,MANHATTAN,23,2,MULTI DWELL - PUBLIC HOUS,false,,,,18-24,M,BLACK,999324,226582,40.788586771000041,-73.945565444999943
213724257,05/30/2020,16:40:00,BRONX,48,0,,false,25-44,M,BLACK,25-44,M,BLACK HISPANIC,1014154,251416,40.856711291000067,-73.891899955999975
213724257,05/30/2020,16:40:00,BRONX,48,0,,false,25-44,M,UNKNOWN,25-44,M,BLACK HISPANIC,1014154,251416,40.856711291000067,-73.891899955999975
214359250,06/18/2020,01:14:00,BRONX,46,0,,false,,,,18-24,M,BLACK,1011852,253013,40.861102072000051,-73.900214989999938
210707456,03/07/2020,18:20:00,BROOKLYN,75,2,MULTI DWELL - PUBLIC HOUS,false,,,,18-24,M,BLACK,1016807,179007,40.657957922000037,-73.882660123999983
213283005,05/19/2020,01:00:00,BROOKLYN,75,2,MULTI DWELL - PUBLIC HOUS,false,,,,25-44,M,BLACK,1022078,183185,40.669404648000068,-73.86363907499998
211066099,03/15/2020,12:54:00,BRONX,42,0,,false,25-44,M,BLACK,25-44,M,BLACK,1009516,239520,40.824074740000071,-73.908710900999949
213385783,05/21/2020,23:13:00,BRONX,52,0,,false,,,,18-24,M,BLACK HISPANIC,1015478,257490,40.873377987000026,-73.887085463999938
214693793,06/28/2020,04:10:00,BROOKLYN,94,2,MULTI DWELL - PUBLIC HOUS,false,,,,25-44,F,BLACK,1001350,201326,40.719261783000036,-73.938313277999953
214693793,06/28/2020,04:10:00,BROOKLYN,94,2,MULTI DWELL - PUBLIC HOUS,false,,,,25-44,M,BLACK,1001350,201326,40.719261783000036,-73.938313277999953
209747703,02/18/2020,11:17:00,BRONX,47,0,GROCERY/BODEGA,true,18-24,M,BLACK,18-24,M,WHITE,1021937,260565,40.881792687000029,-73.863713375999964
214264274,06/16/2020,23:30:00,BROOKLYN,79,0,COMMERCIAL BLDG,false,,,,45-64,M,BLACK,999215,189479,40.686748418000036,-73.946041602999969
213772740,06/02/2020,12:05:00,BROOKLYN,81,0,MULTI DWELL - APT BUILD,false,,,,45-64,M,BLACK,1004363,190670,40.690007239000067,-73.927475723999976
214430791,06/19/2020,16:13:00,BROOKLYN,75,0,,false,,,,25-44,M,BLACK,1015829,179160,40.658381415000065,-73.886184292999985
214430791,06/19/2020,16:13:00,BROOKLYN,75,0,,true,,,,25-44,M,BLACK,1015829,179160,40.658381415000065,-73.886184292999985
214430791,06/19/2020,16:13:00,BROOKLYN,75,0,,false,,,,<18,M,BLACK,1015829,179160,40.658381415000065,-73.886184292999985
214430791,06/19/2020,16:13:00,BROOKLYN,75,0,,true,,,,<18,M,BLACK,1015829,179160,40.658381415000065,-73.886184292999985
213748377,06/01/2020,17:34:00,BROOKLYN,75,0,,false,25-44,M,BLACK,25-44,F,BLACK,1015781,180264,40.661411822000048,-73.886352132999946
213819785,06/03/2020,16:55:00,BRONX,41,0,,false,18-24,M,BLACK HISPANIC,25-44,M,BLACK,1012551,236626,40.816122327000073,-73.897757118999948
213819785,06/03/2020,16:55:00,BRONX,41,0,,false,18-24,M,BLACK HISPANIC,25-44,M,BLACK HISPANIC,1012551,236626,40.816122327000073,-73.897757118999948
213819785,06/03/2020,16:55:00,BRONX,41,0,,false,25-44,M,BLACK,25-44,M,BLACK,1012551,236626,40.816122327000073,-73.897757118999948
213819785,06/03/2020,16:55:00,BRONX,41,0,,false,25-44,M,BLACK,25-44,M,BLACK HISPANIC,1012551,236626,40.816122327000073,-73.897757118999948
213188087,05/16/2020,01:09:00,MANHATTAN,23,2,MULTI DWELL - PUBLIC HOUS,false,,,,25-44,F,WHITE HISPANIC,998950,229227,40.795847213000059,-73.946910263999939
213188087,05/16/2020,01:09:00,MANHATTAN,23,2,MULTI DWELL - PUBLIC HOUS,false,,,,25-44,M,WHITE HISPANIC,998950,229227,40.795847213000059,-73.946910263999939
213724256,05/29/2020,22:00:00,MANHATTAN,30,0,MULTI DWELL - APT BUILD,false,,,,25-44,M,WHITE HISPANIC,1000202,241085,40.828391950000025,-73.942360306999944
214431174,06/20/2020,01:50:00,BRONX,46,0,,false,,,,18-24,M,BLACK HISPANIC,1006189,249745,40.852148280000051,-73.920698490999939
211704488,04/02/2020,23:10:00,BRONX,48,0,,false,,,,25-44,M,BLACK,1016992,247008,40.844602578000035,-73.881662261999963
211704488,04/02/2020,23:10:00,BRONX,48,0,,false,,,,<18,M,BLACK,1016992,247008,40.844602578000035,-73.881662261999963
212431082,04/27/2020,19:55:00,BROOKLYN,75,0,,false,18-24,M,BLACK,<18,M,BLACK,1012957,184994,40.674404217000074,-73.896510714999977
214608092,06/25/2020,18:18:00,MANHATTAN,23,0,,false,<18,M,BLACK HISPANIC,18-24,M,BLACK,998160,227234,40.790378245000056,-73.949767590999954
214608092,06/25/2020,18:18:00,MANHATTAN,23,0,,false,<18,M,BLACK HISPANIC,<18,F,BLACK HISPANIC,998160,227234,40.790378245000056,-73.949767590999954
214016091,06/09/2020,17:13:00,BROOKLYN,60,0,,false,,,,<18,M,BLACK,986544,148193,40.573439412000027,-73.991743910999958
212944540,05/11/2020,17:06:00,STATEN ISLAND,121,0,PVT HOUSE,false,45-64,M,WHITE HISPANIC,25-44,F,BLACK HISPANIC,938373,169290,40.631227890000048,-74.165284271999951
212944540,05/11/2020,17:06:00,STATEN ISLAND,121,0,PVT HOUSE,true,45-64,M,WHITE HISPANIC,25-44,F,BLACK HISPANIC,938373,169290,40.631227890000048,-74.165284271999951
212944540,05/11/2020,17:06:00,STATEN ISLAND,121,0,PVT HOUSE,false,45-64,M,WHITE HISPANIC,25-44,M,BLACK,938373,169290,40.631227890000048,-74.165284271999951
212944540,05/11/2020,17:06:00,STATEN ISLAND,121,0,PVT HOUSE,true,45-64,M,WHITE HISPANIC,25-44,M,BLACK,938373,169290,40.631227890000048,-74.165284271999951
212944540,05/11/2020,17:06:00,STATEN ISLAND,121,0,PVT HOUSE,false,45-64,M,WHITE HISPANIC,45-64,M,BLACK HISPANIC,938373,169290,40.631227890000048,-74.165284271999951
212944540,05/11/2020,17:06:00,STATEN ISLAND,121,0,PVT HOUSE,true,45-64,M,WHITE HISPANIC,45-64,M,BLACK HISPANIC,938373,169290,40.631227890000048,-74.165284271999951
211512576,03/26/2020,21:49:00,STATEN ISLAND,120,0,,false,,,,18-24,M,BLACK,950233,171448,40.63720462200007,-74.122566737999989
212199939,04/20/2020,22:29:00,BROOKLYN,76,2,MULTI DWELL - PUBLIC HOUS,false,,,,25-44,M,BLACK,982324,185643,40.676231908000034,-74.006944996999948
212132075,04/17/2020,02:45:00,BRONX,42,2,MULTI DWELL - PUBLIC HOUS,false,25-44,M,BLACK,18-24,M,WHITE HISPANIC,1011112,244416,40.837508141000058,-73.902924669999948
209281504,02/08/2020,22:06:00,BROOKLYN,83,0,,false,45-64,M,BLACK,25-44,M,BLACK,1003346,192740,40.69569116200006,-73.931137068999988
214607781,06/25/2020,19:58:00,MANHATTAN,30,0,,false,,,,18-24,M,BLACK,998371,240146,40.825817779000033,-73.948978437999983
211362507,03/22/2020,15:30:00,BROOKLYN,88,2,MULTI DWELL - PUBLIC HOUS,false,,,,25-44,F,BLACK,990736,193292,40.697224498000026,-73.976610965999953
211362507,03/22/2020,15:30:00,BROOKLYN,88,2,MULTI DWELL - PUBLIC HOUS,false,,,,<18,M,BLACK,990736,193292,40.697224498000026,-73.976610965999953
214562240,06/24/2020,21:13:00,QUEENS,100,2,MULTI DWELL - PUBLIC HOUS,false,,,,25-44,M,BLACK,1039880,155193,40.592478755000059,-73.799697346999949
214693508,06/27/2020,00:35:00,BROOKLYN,69,0,,false,,,,25-44,M,BLACK,1012270,172118,40.639064637000047,-73.899040893999938
213471604,05/23/2020,17:40:00,BRONX,41,0,MULTI DWELL - APT BUILD,true,25-44,M,BLACK,25-44,M,BLACK,1014604,238800,40.822082527000077,-73.890330325999969
213818584,06/03/2020,20:35:00,BROOKLYN,67,0,,false,,,,25-44,M,BLACK,996921,176967,40.652409353000053,-73.954336675999969
213099073,05/14/2020,01:03:00,QUEENS,100,0,,false,<18,M,BLACK,18-24,M,BLACK,1036176,153315,40.587346504000038,-73.813048538999965
213099073,05/14/2020,01:03:00,QUEENS,100,0,,true,<18,M,BLACK,18-24,M,BLACK,1036176,153315,40.587346504000038,-73.813048538999965
213099073,05/14/2020,01:03:00,QUEENS,100,0,,false,<18,M,BLACK,18-24,M,WHITE HISPANIC,1036176,153315,40.587346504000038,-73.813048538999965
213099073,05/14/2020,01:03:00,QUEENS,100,0,,true,<18,M,BLACK,18-24,M,WHITE HISPANIC,1036176,153315,40.587346504000038,-73.813048538999965
207815723,01/12/2020,00:50:00,BRONX,47,0,,false,,,,25-44,M,BLACK,1026305,262216,40.886304426000038,-73.847906974999944
213922506,06/06/2020,00:30:00,BRONX,44,0,,false,,,,18-24,M,BLACK,1007579,241875,40.830543869000053,-73.915701433999971
211537427,03/27/2020,00:40:00,BRONX,47,0,,false,,,,25-44,M,BLACK,1026884,268961,40.904814500000043,-73.84577004099998
212017047,04/14/2020,15:58:00,STATEN ISLAND,120,0,,true,,,,18-24,M,BLACK,961299,162834,40.613596592000079,-74.082666013999983
214229823,06/14/2020,02:55:00,BRONX,44,0,,false,,,,<18,M,BLACK,1004928,245385,40.840184408000027,-73.925270073999968
214264275,06/16/2020,06:20:00,BRONX,41,1,,false,,,,25-44,M,BLACK,1013879,239551,40.824146269000039,-73.892946482999946
213772742,06/02/2020,20:10:00,BRONX,42,0,,false,45-64,M,BLACK,25-44,M,BLACK HISPANIC,1010027,240720,40.827366921000078,-73.906859957999984
212558133,04/30/2020,23:20:00,BRONX,47,0,,false,18-24,F,BLACK,25-44,M,WHITE HISPANIC,1025204,258236,40.875385756000071,-73.851913132999982
212558133,04/30/2020,23:20:00,BRONX,47,0,,false,45-64,M,BLACK,25-44,M,WHITE HISPANIC,1025204,258236,40.875385756000071,-73.851913132999982
211394750,03/23/2020,07:45:00,BROOKLYN,75,2,MULTI DWELL - PUBLIC HOUS,false,,,,25-44,M,BLACK,1021129,181777,40.66554400800004,-73.867067726999949
211663635,04/01/2020,04:18:00,BROOKLYN,77,0,PVT HOUSE,false,,,,25-44,M,BLACK,1002295,184332,40.672615329000052,-73.934949719999963
214184466,06/13/2020,02:13:00,MANHATTAN,26,2,MULTI DWELL - PUBLIC HOUS,false,,,,18-24,M,BLACK,996279,235478,40.813008529000058,-73.956545768999945
214513453,06/23/2020,19:15:00,STATEN ISLAND,120,0,MULTI DWELL - APT BUILD,false,,,,<18,M,BLACK,961580,163524,40.615491223000049,-74.081656229999965
211534998,03/27/2020,05:40:00,QUEENS,103,0,HOTEL/MOTEL,false,25-44,M,BLACK,25-44,F,BLACK,1035590,195583,40.703366206000055,-73.81483667599997
214513452,06/23/2020,19:16:00,QUEENS,106,0,RESTAURANT/DINER,false,45-64,M,WHITE,25-44,M,ASIAN / PACIFIC ISLANDER,1029228,176725,40.651639961000058,-73.837907900999937
214431175,06/21/2020,04:19:00,BROOKLYN,73,0,PVT HOUSE,false,,,,25-44,F,BLACK,1006140,183727,40.670946067000045,-73.921090572999958
214431175,06/21/2020,04:19:00,BROOKLYN,73,0,PVT HOUSE,false,,,,25-44,M,BLACK,1006140,183727,40.670946067000045,-73.921090572999958
210025099,02/24/2020,16:55:00,STATEN ISLAND,120,0,MULTI DWELL - APT BUILD,false,25-44,M,BLACK,25-44,M,BLACK,961833,166710,40.624236772000074,-74.080755532999945
211578689,03/29/2020,00:45:00,BRONX,46,0,,false,45-64,M,BLACK,18-24,M,BLACK HISPANIC,1007189,249883,40.852524508000045,-73.917083318999971
212640536,05/03/2020,16:05:00,MANHATTAN,33,0,,false,,,,18-24,M,BLACK,1002252,247207,40.845191125000042,-73.934936383999968
212903274,05/10/2020,21:26:00,BROOKLYN,71,0,,true,,,,18-24,M,BLACK,996789,178574,40.65682040400003,-73.954809400999977
208437740,01/23/2020,19:47:00,BRONX,48,0,,false,25-44,M,WHITE HISPANIC,25-44,F,WHITE HISPANIC,1014435,248319,40.848209996000037,-73.890898098999969
208437740,01/23/2020,19:47:00,BRONX,48,0,,false,25-44,M,WHITE HISPANIC,<18,M,BLACK HISPANIC,1014435,248319,40.848209996000037,-73.890898098999969
214431172,06/20/2020,01:24:00,MANHATTAN,34,0,,false,25-44,M,BLACK,25-44,F,BLACK,1005747,253516,40.862499631000048,-73.922284096999988
214690556,06/26/2020,00:30:00,MANHATTAN,13,0,,false,25-44,M,BLACK,18-24,F,WHITE HISPANIC,987583,210248,40.74376638800004,-73.987973245999967
214690556,06/26/2020,00:30:00,MANHATTAN,13,0,,true,25-44,M,BLACK,18-24,F,WHITE HISPANIC,987583,210248,40.74376638800004,-73.987973245999967
214690556,06/26/2020,00:30:00,MANHATTAN,13,0,,false,25-44,M,BLACK,18-24,M,WHITE HISPANIC,987583,210248,40.74376638800004,-73.987973245999967
214690556,06/26/2020,00:30:00,MANHATTAN,13,0,,true,25-44,M,BLACK,18-24,M,WHITE HISPANIC,987583,210248,40.74376638800004,-73.987973245999967
210527846,03/04/2020,16:26:00,BROOKLYN,77,2,MULTI DWELL - PUBLIC HOUS,false,,,,18-24,M,BLACK,1004975,183973,40.671624086000065,-73.925289502999988
211362502,03/20/2020,20:19:00,MANHATTAN,25,0,,false,,,,25-44,M,BLACK,1001692,231504,40.802091971000038,-73.937001221999935
213529527,05/26/2020,01:38:00,BROOKLYN,73,0,MULTI DWELL - APT BUILD,false,18-24,M,BLACK,25-44,M,BLACK,1010754,179173,40.658433742000057,-73.90447555999998
211905748,04/10/2020,00:21:00,MANHATTAN,32,0,,false,18-24,M,BLACK,18-24,M,BLACK,1000515,237599,40.818823297000051,-73.941237758999989
213471607,05/22/2020,22:17:00,BRONX,52,0,MULTI DWELL - APT BUILD,false,,,,<18,M,BLACK HISPANIC,1010676,253888,40.863507281000068,-73.904462999999964
206909665,01/02/2020,20:20:00,BROOKLYN,72,0,,false,,,,18-24,M,WHITE HISPANIC,977897,173058,40.641686775000039,-74.022893213999964
206909665,01/02/2020,20:20:00,BROOKLYN,72,0,,false,,,,25-44,M,WHITE HISPANIC,977897,173058,40.641686775000039,-74.022893213999964
207572466,01/07/2020,21:00:00,BRONX,45,0,DEPT STORE,false,,,,45-64,M,WHITE,1030892,255600,40.86812253100004,-73.831363909999936
209281503,02/09/2020,02:27:00,BRONX,40,2,MULTI DWELL - PUBLIC HOUS,true,25-44,M,BLACK,25-44,M,BLACK,1004960,234094,40.809193751000066,-73.925189273999933
214778540,06/30/2020,21:45:00,BROOKLYN,67,0,PVT HOUSE,false,,,,<18,M,BLACK,998235,173191,40.642043072000035,-73.949609006999935
208237500,01/20/2020,04:50:00,MANHATTAN,34,0,RESTAURANT/DINER,false,25-44,M,BLACK,25-44,M,WHITE HISPANIC,1006605,254113,40.864136085000041,-73.919180209999979
208237500,01/20/2020,04:50:00,MANHATTAN,34,0,RESTAURANT/DINER,true,25-44,M,BLACK,25-44,M,WHITE HISPANIC,1006605,254113,40.864136085000041,-73.919180209999979
208237500,01/20/2020,04:50:00,MANHATTAN,34,0,RESTAURANT/DINER,false,25-44,M,BLACK,45-64,F,WHITE HISPANIC,1006605,254113,40.864136085000041,-73.919180209999979
208237500,01/20/2020,04:50:00,MANHATTAN,34,0,RESTAURANT/DINER,true,25-44,M,BLACK,45-64,F,WHITE HISPANIC,1006605,254113,40.864136085000041,-73.919180209999979
213499948,05/25/2020,21:05:00,BROOKLYN,75,0,GROCERY/BODEGA,true,25-44,M,BLACK HISPANIC,25-44,M,WHITE HISPANIC,1013449,184620,40.673376062000045,-73.894738642999982
211362505,03/21/2020,23:57:00,BROOKLYN,79,2,MULTI DWELL - PUBLIC HOUS,false,,,,25-44,M,BLACK,998138,193910,40.698912245000031,-73.949915843999975
214778541,06/30/2020,19:40:00,BROOKLYN,70,0,,false,,,,18-24,M,BLACK,994431,176337,40.650683352000044,-73.963311287999943
213472076,05/24/2020,17:12:00,BRONX,40,0,,false,45-64,M,WHITE HISPANIC,25-44,M,WHITE HISPANIC,1007737,236070,40.81461037400004,-73.915150813999958
208437742,01/23/2020,14:00:00,MANHATTAN,30,0,,false,18-24,M,BLACK HISPANIC,25-44,M,BLACK,996329,238263,40.820652506000044,-73.956360127999972
208437742,01/23/2020,14:00:00,MANHATTAN,30,0,,true,18-24,M,BLACK HISPANIC,25-44,M,BLACK,996329,238263,40.820652506000044,-73.956360127999972
208437742,01/23/2020,14:00:00,MANHATTAN,30,0,,false,18-24,M,BLACK HISPANIC,25-44,M,BLACK HISPANIC,996329,238263,40.820652506000044,-73.956360127999972
208437742,01/23/2020,14:00:00,MANHATTAN,30,0,,true,18-24,M,BLACK HISPANIC,25-44,M,BLACK HISPANIC,996329,238263,40.820652506000044,-73.956360127999972
214264817,06/16/2020,11:38:00,MANHATTAN,9,2,MULTI DWELL - PUBLIC HOUS,false,,,,25-44,M,WHITE HISPANIC,991179,201494,40.719736715000067,-73.975004935999948
213187655,05/17/2020,01:05:00,BROOKLYN,81,0,,false,,,,25-44,M,BLACK,1004019,190208,40.688739930000054,-73.928717512999981
214778539,06/30/2020,18:49:00,BRONX,47,0,,false,,,,18-24,F,BLACK,1024807,261935,40.885540183000046,-73.853326274999972
214778539,06/30/2020,18:49:00,BRONX,47,0,,false,,,,<18,M,BLACK,1024807,261935,40.885540183000046,-73.853326274999972
210826747,03/10/2020,13:00:00,BRONX,44,0,,false,18-24,M,BLACK HISPANIC,18-24,M,BLACK,1005909,240090,40.825648808000039,-73.921741785999984
210826747,03/10/2020,13:00:00,BRONX,44,0,,false,18-24,M,WHITE HISPANIC,18-24,M,BLACK,1005909,240090,40.825648808000039,-73.921741785999984
208899478,02/02/2020,02:32:00,MANHATTAN,25,0,,false,,,,25-44,M,BLACK HISPANIC,999520,230738,40.799993530000052,-73.944848191999938
207815720,01/11/2020,21:45:00,BRONX,41,0,,false,25-44,M,BLACK,25-44,M,WHITE HISPANIC,1013623,238400,40.820987957000057,-73.893876494999972
211830262,04/07/2020,18:15:00,BRONX,44,0,,false,45-64,M,WHITE HISPANIC,45-64,M,BLACK,1003841,237690,40.819066317000079,-73.929221017999964
209281499,02/08/2020,05:30:00,QUEENS,103,0,,false,,,,18-24,M,BLACK,1048161,195864,40.704055618000041,-73.769495156999938
214694690,06/28/2020,23:38:00,BRONX,44,0,,false,,,,25-44,M,BLACK,1007770,242308,40.831731823000041,-73.915009731999987
211793809,04/06/2020,15:00:00,QUEENS,110,0,,false,25-44,M,WHITE HISPANIC,18-24,M,WHITE HISPANIC,1022016,211424,40.746914202000028,-73.863704187999986
